epoch,valid_acc,test_acc,train_losses
1,0.5904444444444444,0.5557,89297.375
2,0.5515555555555556,0.5211,89286.2734375
3,0.544,0.4991,89247.0703125
4,0.5245555555555556,0.4871,89209.03125
5,0.5233333333333333,0.47909999999999997,89171.140625
6,0.5132222222222222,0.4741000000000001,89134.953125
7,0.501,0.46220000000000006,89099.015625
8,0.5111111111111111,0.47829999999999995,89061.890625
9,0.49788888888888894,0.4626,89027.2421875
10,0.4955555555555555,0.46220000000000006,88991.3359375
11,0.492,0.45089999999999997,88955.703125
12,0.48677777777777786,0.45310000000000006,88919.984375
13,0.49522222222222223,0.4542999999999999,88885.4453125
14,0.49344444444444446,0.45699999999999996,88851.5546875
15,0.48877777777777776,0.45589999999999997,88817.296875
16,0.4885555555555555,0.46110000000000007,88781.5234375
17,0.48611111111111105,0.4555,88746.828125
18,0.4892222222222222,0.4535,88711.328125
19,0.489,0.4487000000000001,88677.3203125
20,0.49444444444444446,0.4552999999999999,88643.8515625
21,0.49177777777777776,0.44799999999999995,88608.2265625
22,0.4892222222222222,0.45220000000000005,88574.7109375
23,0.4896666666666667,0.44699999999999995,88540.6328125
24,0.48411111111111105,0.4476,88507.5078125
25,0.4883333333333333,0.45210000000000006,88474.234375
26,0.48811111111111105,0.45610000000000006,88440.9140625
27,0.48444444444444446,0.4447000000000001,88408.4765625
28,0.48311111111111105,0.44999999999999996,88372.9375
29,0.49444444444444446,0.44620000000000004,88340.2890625
30,0.4818888888888889,0.4486,88308.7734375
31,0.488,0.4518,88275.5078125
32,0.496,0.4475,88241.515625
33,0.486,0.4437000000000001,88208.5546875
34,0.4913333333333333,0.44789999999999996,88176.1796875
35,0.49,0.44789999999999996,88144.9140625
36,0.486,0.4458,88111.1484375
37,0.4833333333333334,0.4517,88078.1484375
38,0.484,0.4472999999999999,88046.5546875
39,0.48477777777777786,0.4457000000000001,88012.6484375
40,0.4916666666666667,0.4454,87980.9296875
41,0.477,0.4365,87948.484375
42,0.48277777777777786,0.4532999999999999,87916.0
43,0.48777777777777787,0.44899999999999995,87884.515625
44,0.484,0.44199999999999995,87851.1015625
45,0.4816666666666666,0.4455,87818.4296875
46,0.4813333333333334,0.4425,87787.1484375
47,0.476,0.44689999999999996,87755.3203125
48,0.483,0.4457000000000001,87723.8046875
49,0.4802222222222222,0.4508,87692.4453125
50,0.4788888888888889,0.4537,87660.0390625
51,0.4863333333333334,0.45299999999999996,87626.828125
52,0.4786666666666666,0.4396,87594.9921875
53,0.4848888888888889,0.4488,87565.8046875
54,0.4856666666666666,0.4477000000000001,87532.671875
55,0.4838888888888889,0.45289999999999997,87499.5625
56,0.48211111111111105,0.4474,87468.0078125
57,0.482,0.44189999999999996,87435.9921875
58,0.47644444444444445,0.43799999999999994,87403.90625
59,0.48477777777777786,0.4457000000000001,87372.125
60,0.4873333333333334,0.4486,87341.3359375
61,0.4755555555555555,0.44299999999999995,87307.734375
62,0.49044444444444446,0.4484,87275.2421875
63,0.48344444444444445,0.4448,87242.96875
64,0.4813333333333334,0.4407000000000001,87210.875
65,0.4763333333333334,0.44520000000000004,87179.3515625
66,0.4796666666666666,0.44620000000000004,87147.6953125
67,0.4818888888888889,0.44420000000000004,87115.40625
68,0.4762222222222222,0.44199999999999995,87084.5234375
69,0.48077777777777786,0.4346,87050.9921875
70,0.4805555555555555,0.4432999999999999,87018.484375
71,0.4833333333333334,0.43820000000000003,86987.6953125
72,0.47677777777777786,0.4422999999999999,86956.6640625
73,0.4828888888888889,0.44010000000000005,86923.984375
74,0.4828888888888889,0.44089999999999996,86890.8203125
75,0.48411111111111105,0.44220000000000004,86860.25
76,0.4816666666666666,0.44179999999999997,86829.078125
77,0.4783333333333334,0.44099999999999995,86798.796875
78,0.47677777777777786,0.4325,86765.28125
79,0.47911111111111104,0.4427000000000001,86733.1875
80,0.48644444444444446,0.4425,86701.15625
81,0.48977777777777776,0.4537,86671.2265625
82,0.48544444444444446,0.4495,86638.671875
83,0.4805555555555555,0.4396,86605.328125
84,0.4763333333333334,0.43910000000000005,86571.734375
85,0.48144444444444445,0.43589999999999995,86541.8984375
86,0.4808888888888889,0.4422999999999999,86510.8515625
87,0.4833333333333334,0.44189999999999996,86478.3515625
88,0.4778888888888889,0.43799999999999994,86445.75
89,0.47911111111111104,0.4342999999999999,86415.59375
90,0.4742222222222222,0.44289999999999996,86383.671875
91,0.4833333333333334,0.4374,86351.875
92,0.473,0.43510000000000004,86317.6875
93,0.47211111111111104,0.4347000000000001,86287.5
94,0.4743333333333334,0.43079999999999996,86255.4296875
95,0.4728888888888889,0.43799999999999994,86224.0625
96,0.4762222222222222,0.43620000000000003,86192.078125
97,0.4803333333333334,0.4387000000000001,86160.4375
98,0.47344444444444445,0.43910000000000005,86127.859375
99,0.4873333333333334,0.43720000000000003,86097.1875
100,0.4776666666666667,0.44220000000000004,86064.4609375
101,0.4798888888888889,0.4362999999999999,86033.2734375
102,0.476,0.43579999999999997,86000.9921875
103,0.4776666666666667,0.43810000000000004,85970.3515625
104,0.48711111111111105,0.44099999999999995,85938.671875
105,0.4753333333333334,0.43310000000000004,85906.953125
106,0.47811111111111104,0.4385,85876.0546875
107,0.4793333333333334,0.4375,85843.84375
108,0.479,0.4434,85811.8671875
109,0.4833333333333334,0.4384,85779.890625
110,0.48744444444444446,0.4434,85747.7890625
111,0.4748888888888889,0.4375,85716.1171875
112,0.48077777777777786,0.43979999999999997,85684.34375
113,0.4806666666666666,0.4357000000000001,85651.8828125
114,0.4793333333333334,0.43189999999999995,85619.3671875
115,0.4763333333333334,0.43420000000000003,85587.609375
116,0.479,0.43920000000000003,85555.9375
117,0.4776666666666667,0.4415,85524.0
118,0.47244444444444444,0.43810000000000004,85494.3671875
119,0.4815555555555555,0.44089999999999996,85463.828125
120,0.48044444444444445,0.4344,85432.25
121,0.486,0.4416,85401.2890625
122,0.4796666666666666,0.42900000000000005,85368.984375
123,0.48577777777777786,0.4387000000000001,85337.5546875
124,0.4786666666666666,0.4272,85305.6171875
125,0.4763333333333334,0.4292999999999999,85273.8515625
126,0.4786666666666666,0.43500000000000005,85241.265625
127,0.47877777777777786,0.43389999999999995,85210.7109375
128,0.48044444444444445,0.43879999999999997,85179.328125
129,0.4736666666666667,0.4285,85147.1953125
130,0.4835555555555555,0.44310000000000005,85117.59375
131,0.48277777777777786,0.44989999999999997,85084.125
132,0.48077777777777786,0.4355,85052.59375
133,0.478,0.4334,85021.359375
134,0.477,0.4404,84990.109375
135,0.47944444444444445,0.44210000000000005,84957.671875
136,0.4705555555555555,0.4384,84925.9765625
137,0.4718888888888889,0.43189999999999995,84894.1015625
138,0.4688888888888889,0.43600000000000005,84861.375
139,0.4765555555555555,0.4342999999999999,84829.703125
140,0.4743333333333334,0.43589999999999995,84799.4609375
141,0.4853333333333334,0.4488,84768.609375
142,0.472,0.4334,84736.7109375
143,0.4816666666666666,0.44079999999999997,84706.21875
144,0.4746666666666667,0.43220000000000003,84673.78125
145,0.4768888888888889,0.4397000000000001,84643.0234375
146,0.4743333333333334,0.4376,84611.0
147,0.4705555555555555,0.43379999999999996,84579.75
148,0.4778888888888889,0.4355,84547.1640625
149,0.47077777777777785,0.4334,84514.328125
150,0.4696666666666667,0.4357000000000001,84484.4765625
151,0.4725555555555555,0.4356,84453.5625
152,0.4705555555555555,0.4344,84421.2421875
153,0.4725555555555555,0.4292,84389.96875
154,0.4778888888888889,0.44020000000000004,84357.8203125
155,0.4755555555555555,0.4375,84328.1875
156,0.4768888888888889,0.43920000000000003,84297.453125
157,0.47111111111111104,0.4416,84265.609375
158,0.4753333333333334,0.44299999999999995,84234.09375
159,0.4683333333333334,0.4342999999999999,84201.7265625
160,0.47411111111111104,0.43810000000000004,84170.203125
161,0.46477777777777785,0.4334,84139.1640625
162,0.4805555555555555,0.4325,84108.28125
163,0.4722222222222222,0.4356,84076.0390625
164,0.47677777777777786,0.4416,84044.328125
165,0.4678888888888889,0.43520000000000003,84011.8515625
166,0.4782222222222222,0.43899999999999995,83980.6015625
167,0.4742222222222222,0.43489999999999995,83949.4921875
168,0.46944444444444444,0.43610000000000004,83918.09375
169,0.4718888888888889,0.43100000000000005,83887.0546875
170,0.4695555555555555,0.43820000000000003,83854.09375
171,0.48011111111111104,0.43700000000000006,83823.5
172,0.4742222222222222,0.4336,83792.734375
173,0.4785555555555555,0.44099999999999995,83760.1484375
174,0.4845555555555555,0.4412999999999999,83730.3046875
175,0.4778888888888889,0.43700000000000006,83699.4375
176,0.4783333333333334,0.4332999999999999,83667.1953125
177,0.475,0.43679999999999997,83636.703125
178,0.4752222222222222,0.4386,83604.4375
179,0.4816666666666666,0.44110000000000005,83572.53125
180,0.46711111111111103,0.4325,83541.84375
181,0.473,0.43600000000000005,83510.5
182,0.47511111111111104,0.4334,83477.859375
183,0.4693333333333334,0.43500000000000005,83446.234375
184,0.46911111111111103,0.43089999999999995,83415.1171875
185,0.48177777777777786,0.44089999999999996,83385.3046875
186,0.4713333333333334,0.4362999999999999,83353.5625
187,0.469,0.43710000000000004,83322.296875
188,0.47377777777777785,0.4377000000000001,83291.015625
189,0.4712222222222222,0.43600000000000005,83259.921875
190,0.4753333333333334,0.43720000000000003,83228.578125
191,0.47444444444444445,0.4316,83196.3046875
192,0.4732222222222222,0.4296,83164.9453125
193,0.47277777777777785,0.4397000000000001,83133.703125
194,0.4713333333333334,0.4352999999999999,83102.9296875
195,0.4758888888888889,0.4357000000000001,83071.1484375
196,0.4688888888888889,0.43920000000000003,83040.1953125
197,0.46977777777777785,0.4386,83008.0
198,0.475,0.4406,82975.8203125
199,0.4755555555555555,0.43310000000000004,82944.9296875
200,0.4705555555555555,0.4347000000000001,82913.5078125
201,0.4795555555555555,0.43520000000000003,82883.7734375
202,0.4723333333333334,0.43710000000000004,82852.8125
203,0.4735555555555555,0.42989999999999995,82819.4921875
204,0.4712222222222222,0.4307000000000001,82788.578125
205,0.4726666666666667,0.4367000000000001,82756.515625
206,0.4736666666666667,0.4294,82725.625
207,0.47311111111111104,0.4294,82694.21875
208,0.4773333333333334,0.4357000000000001,82664.4375
209,0.4775555555555555,0.4396,82632.3671875
210,0.4735555555555555,0.43379999999999996,82601.1875
211,0.4773333333333334,0.43810000000000004,82569.4609375
212,0.4808888888888889,0.43400000000000005,82537.484375
213,0.4728888888888889,0.43520000000000003,82507.6328125
214,0.47677777777777786,0.44199999999999995,82477.28125
215,0.4845555555555555,0.44299999999999995,82444.4375
216,0.4703333333333334,0.4336,82411.9375
217,0.4732222222222222,0.4362999999999999,82380.734375
218,0.46344444444444444,0.4262999999999999,82349.1796875
219,0.4743333333333334,0.43600000000000005,82317.84375
220,0.47344444444444445,0.4306,82286.3359375
221,0.4733333333333334,0.4355,82257.3203125
222,0.4766666666666667,0.4374,82225.1484375
223,0.48444444444444446,0.44079999999999997,82193.3046875
224,0.4736666666666667,0.43089999999999995,82162.4140625
225,0.47044444444444444,0.4396,82129.3359375
226,0.46799999999999997,0.4297000000000001,82097.21875
227,0.4733333333333334,0.43010000000000004,82064.984375
228,0.4773333333333334,0.4295,82032.9765625
229,0.4685555555555555,0.43799999999999994,82003.0078125
230,0.4808888888888889,0.4395,81971.6953125
231,0.46644444444444444,0.4337000000000001,81941.3046875
232,0.47244444444444444,0.4317000000000001,81909.6484375
233,0.472,0.4324,81877.4765625
234,0.4733333333333334,0.4365,81848.3203125
235,0.4793333333333334,0.4352999999999999,81818.0390625
236,0.4658888888888889,0.43210000000000004,81784.671875
237,0.4682222222222222,0.42900000000000005,81752.71875
238,0.47344444444444445,0.43410000000000004,81721.9765625
239,0.47677777777777786,0.42900000000000005,81691.0
240,0.4736666666666667,0.4347000000000001,81659.2890625
241,0.4725555555555555,0.43589999999999995,81628.421875
242,0.4752222222222222,0.43389999999999995,81596.5546875
243,0.4745555555555555,0.4316,81567.1484375
244,0.48044444444444445,0.4332999999999999,81536.640625
245,0.4708888888888889,0.4345,81504.625
246,0.471,0.43799999999999994,81471.71875
247,0.4696666666666667,0.43210000000000004,81440.1875
248,0.47411111111111104,0.4362999999999999,81409.4921875
249,0.4683333333333334,0.43079999999999996,81378.3515625
250,0.4715555555555555,0.43410000000000004,81348.3046875
251,0.47011111111111104,0.43200000000000005,81315.421875
252,0.4743333333333334,0.4302999999999999,81282.8046875
253,0.477,0.4365,81251.4765625
254,0.4716666666666667,0.43389999999999995,81220.15625
255,0.47944444444444445,0.4384,81190.0703125
256,0.4708888888888889,0.4372999999999999,81158.6015625
257,0.47444444444444445,0.43700000000000006,81128.2578125
258,0.479,0.44179999999999997,81097.1484375
259,0.4738888888888889,0.4374,81066.0859375
260,0.4686666666666667,0.4346,81035.6015625
261,0.47377777777777785,0.4336,81003.921875
262,0.4816666666666666,0.43479999999999996,80971.9140625
263,0.4736666666666667,0.4347000000000001,80940.9921875
264,0.4776666666666667,0.43979999999999997,80908.890625
265,0.4715555555555555,0.42889999999999995,80876.7578125
266,0.4788888888888889,0.4296,80845.3671875
267,0.4756666666666667,0.44289999999999996,80814.953125
268,0.47311111111111104,0.4364,80783.0078125
269,0.47611111111111104,0.4306,80752.0625
270,0.4765555555555555,0.4306,80720.546875
271,0.47211111111111104,0.43389999999999995,80690.109375
272,0.4688888888888889,0.4377000000000001,80658.1796875
273,0.481,0.44120000000000004,80626.90625
274,0.47711111111111104,0.4376,80595.8359375
275,0.4748888888888889,0.4326,80565.4375
276,0.47111111111111104,0.4332999999999999,80533.734375
277,0.4682222222222222,0.43589999999999995,80501.4921875
278,0.47377777777777785,0.4284,80470.625
279,0.4772222222222222,0.4372999999999999,80438.8203125
280,0.46711111111111103,0.4324,80406.3828125
281,0.47144444444444444,0.4334,80375.5625
282,0.46844444444444444,0.4317000000000001,80344.78125
283,0.46077777777777784,0.42889999999999995,80314.828125
284,0.471,0.43320000000000003,80283.234375
285,0.47377777777777785,0.4364,80251.90625
286,0.4715555555555555,0.4375,80221.625
287,0.47344444444444445,0.4282999999999999,80190.0078125
288,0.46677777777777785,0.4406,80157.7421875
289,0.47344444444444445,0.4345,80128.328125
290,0.47544444444444445,0.43700000000000006,80097.109375
291,0.4802222222222222,0.4392999999999999,80065.90625
292,0.4756666666666667,0.4264,80034.3359375
293,0.4685555555555555,0.4307000000000001,80001.984375
294,0.4692222222222222,0.43320000000000003,79970.53125
295,0.47611111111111104,0.4306,79938.15625
296,0.4768888888888889,0.43589999999999995,79908.140625
297,0.4762222222222222,0.4264,79876.328125
298,0.4836666666666666,0.4396,79846.7109375
299,0.4748888888888889,0.4344,79814.65625
300,0.4738888888888889,0.4336,79783.7890625
301,0.4688888888888889,0.4257000000000001,79751.5546875
302,0.4746666666666667,0.43510000000000004,79721.0703125
303,0.47411111111111104,0.4345,79689.796875
304,0.471,0.4305,79657.453125
305,0.47444444444444445,0.43920000000000003,79626.0078125
306,0.47977777777777786,0.4384,79595.4921875
307,0.47677777777777786,0.4342999999999999,79564.6171875
308,0.47011111111111104,0.4294,79533.34375
309,0.478,0.43279999999999996,79502.78125
310,0.482,0.4355,79471.5234375
311,0.47744444444444445,0.43620000000000003,79439.6328125
312,0.47844444444444445,0.43210000000000004,79408.8203125
313,0.4706666666666667,0.4257000000000001,79379.1953125
314,0.4742222222222222,0.4312999999999999,79347.3203125
315,0.46944444444444444,0.43110000000000004,79316.65625
316,0.4713333333333334,0.4354,79285.390625
317,0.47344444444444445,0.43389999999999995,79254.6796875
318,0.4705555555555555,0.4295,79223.5078125
319,0.4735555555555555,0.4336,79191.4296875
320,0.479,0.4357000000000001,79160.8515625
321,0.479,0.43579999999999997,79128.4765625
322,0.479,0.43379999999999996,79097.46875
323,0.4745555555555555,0.43679999999999997,79067.2109375
324,0.475,0.43310000000000004,79035.1796875
325,0.4743333333333334,0.42910000000000004,79003.984375
326,0.47377777777777785,0.4356,78972.5625
327,0.47144444444444444,0.43000000000000005,78939.984375
328,0.47011111111111104,0.4317000000000001,78908.4921875
329,0.46544444444444444,0.42510000000000003,78877.6640625
330,0.4706666666666667,0.43110000000000004,78846.1640625
331,0.4766666666666667,0.4352999999999999,78814.84375
332,0.47377777777777785,0.4294,78783.34375
333,0.48,0.4365,78751.7890625
334,0.47377777777777785,0.43420000000000003,78721.8671875
335,0.47111111111111104,0.44389999999999996,78689.515625
336,0.46677777777777785,0.4304,78658.2421875
337,0.4706666666666667,0.43100000000000005,78626.0078125
338,0.4683333333333334,0.42900000000000005,78594.6953125
339,0.47344444444444445,0.4326,78562.859375
340,0.47811111111111104,0.43589999999999995,78531.859375
341,0.47677777777777786,0.4346,78500.1484375
342,0.4685555555555555,0.4386,78470.296875
343,0.46877777777777785,0.4316,78437.0
344,0.4728888888888889,0.42489999999999994,78404.859375
345,0.47,0.4292,78374.3125
346,0.4692222222222222,0.42789999999999995,78342.84375
347,0.46911111111111103,0.43279999999999996,78312.7421875
348,0.4765555555555555,0.43679999999999997,78280.6875
349,0.46599999999999997,0.4336,78249.0078125
350,0.4752222222222222,0.4424,78218.796875
351,0.4743333333333334,0.43779999999999997,78187.8984375
352,0.48077777777777786,0.4395,78159.3828125
353,0.4693333333333334,0.43799999999999994,78129.4375
354,0.47744444444444445,0.4356,78096.796875
355,0.47211111111111104,0.4364,78065.453125
356,0.47677777777777786,0.4412999999999999,78034.546875
357,0.4786666666666666,0.43789999999999996,78004.328125
358,0.4768888888888889,0.43100000000000005,77973.546875
359,0.4802222222222222,0.43479999999999996,77943.65625
360,0.4732222222222222,0.4342999999999999,77912.375
361,0.48,0.4436,77881.21875
362,0.46799999999999997,0.42979999999999996,77850.9453125
363,0.473,0.43320000000000003,77818.9140625
364,0.47644444444444445,0.4416,77788.2421875
365,0.47644444444444445,0.4362999999999999,77756.9765625
366,0.4796666666666666,0.43400000000000005,77726.1875
367,0.47877777777777786,0.4385,77695.390625
368,0.4763333333333334,0.4312999999999999,77663.765625
369,0.471,0.4402999999999999,77632.984375
370,0.4793333333333334,0.4455,77602.03125
371,0.47644444444444445,0.4356,77571.109375
372,0.4816666666666666,0.4436,77540.515625
373,0.4786666666666666,0.4327000000000001,77508.953125
374,0.4823333333333334,0.4448,77478.125
375,0.4722222222222222,0.43520000000000003,77446.625
376,0.4758888888888889,0.4416,77415.046875
377,0.47644444444444445,0.43310000000000004,77383.9921875
378,0.4696666666666667,0.42779999999999996,77352.84375
379,0.47011111111111104,0.4296,77322.2421875
380,0.4698888888888889,0.42779999999999996,77290.015625
381,0.4722222222222222,0.4292999999999999,77258.9609375
382,0.4648888888888889,0.4282999999999999,77226.65625
383,0.4713333333333334,0.4306,77194.0859375
384,0.4712222222222222,0.4314,77162.453125
385,0.4825555555555555,0.43389999999999995,77132.1328125
386,0.4698888888888889,0.4216,77101.3125
387,0.4723333333333334,0.42800000000000005,77069.1328125
388,0.475,0.4326,77037.7890625
389,0.478,0.43210000000000004,77007.28125
390,0.47677777777777786,0.43500000000000005,76975.8671875
391,0.4718888888888889,0.42579999999999996,76943.671875
392,0.4612222222222222,0.4312,76911.34375
393,0.4718888888888889,0.4292,76880.21875
394,0.4675555555555555,0.4255,76848.859375
395,0.4726666666666667,0.42279999999999995,76817.078125
396,0.46144444444444443,0.4272999999999999,76786.625
397,0.47144444444444444,0.43100000000000005,76755.5625
398,0.4736666666666667,0.4276,76724.8984375
399,0.4655555555555555,0.42679999999999996,76692.7109375
400,0.4663333333333334,0.4296,76661.28125
401,0.4672222222222222,0.42989999999999995,76630.625
402,0.4678888888888889,0.4217000000000001,76598.4609375
403,0.4638888888888889,0.43389999999999995,76568.1484375
404,0.47377777777777785,0.43010000000000004,76537.4140625
405,0.4733333333333334,0.42610000000000003,76505.4453125
406,0.46244444444444444,0.42500000000000004,76475.0703125
407,0.4645555555555555,0.42979999999999996,76443.90625
408,0.4762222222222222,0.44099999999999995,76413.5078125
409,0.47644444444444445,0.4334,76383.015625
410,0.4716666666666667,0.4352999999999999,76352.546875
411,0.47377777777777785,0.43420000000000003,76322.2578125
412,0.476,0.43979999999999997,76290.1328125
413,0.4775555555555555,0.43179999999999996,76260.6875
414,0.4756666666666667,0.43910000000000005,76230.0390625
415,0.4678888888888889,0.4322999999999999,76197.34375
416,0.476,0.43300000000000005,76168.1875
417,0.47044444444444444,0.43320000000000003,76136.3125
418,0.4715555555555555,0.43100000000000005,76105.65625
419,0.47111111111111104,0.43620000000000003,76074.6328125
420,0.4746666666666667,0.4297000000000001,76043.2109375
421,0.47611111111111104,0.4385,76012.671875
422,0.46644444444444444,0.43089999999999995,75980.6328125
423,0.4732222222222222,0.42989999999999995,75950.5078125
424,0.47711111111111104,0.43679999999999997,75919.1953125
425,0.4742222222222222,0.4357000000000001,75888.2109375
426,0.47677777777777786,0.43620000000000003,75856.7265625
427,0.47611111111111104,0.4365,75826.015625
428,0.48211111111111105,0.4292,75795.1796875
429,0.4753333333333334,0.4287000000000001,75763.234375
430,0.4735555555555555,0.43410000000000004,75732.2109375
431,0.47211111111111104,0.4314,75701.6796875
432,0.4756666666666667,0.4337000000000001,75669.9765625
433,0.4758888888888889,0.43710000000000004,75640.515625
434,0.4695555555555555,0.4312,75608.4921875
435,0.4716666666666667,0.43320000000000003,75577.0625
436,0.4723333333333334,0.4297000000000001,75544.2421875
437,0.4693333333333334,0.42389999999999994,75513.390625
438,0.478,0.4317000000000001,75482.0546875
439,0.46911111111111103,0.4336,75451.6328125
440,0.4722222222222222,0.43579999999999997,75420.5390625
441,0.46944444444444444,0.43410000000000004,75388.828125
442,0.47111111111111104,0.4282,75356.8203125
443,0.46111111111111114,0.4274,75324.6015625
444,0.4678888888888889,0.42810000000000004,75292.890625
445,0.4685555555555555,0.43320000000000003,75262.203125
446,0.46944444444444444,0.4262999999999999,75230.2890625
447,0.46877777777777785,0.4292999999999999,75199.6328125
448,0.4736666666666667,0.43389999999999995,75168.15625
449,0.471,0.4277000000000001,75136.34375
450,0.46211111111111114,0.4217000000000001,75104.9921875
451,0.46944444444444444,0.4312999999999999,75072.84375
452,0.4712222222222222,0.43000000000000005,75042.34375
453,0.4642222222222222,0.4285,75011.71875
454,0.47044444444444444,0.4257000000000001,74981.9140625
455,0.4662222222222222,0.42879999999999996,74949.4453125
456,0.46911111111111103,0.4345,74919.2578125
457,0.47544444444444445,0.43689999999999996,74888.2421875
458,0.4665555555555555,0.4295,74858.8828125
459,0.4776666666666667,0.4447000000000001,74828.1171875
460,0.4753333333333334,0.43420000000000003,74798.6875
461,0.4723333333333334,0.4386,74766.15625
462,0.478,0.4362999999999999,74735.515625
463,0.4725555555555555,0.4297000000000001,74703.3125
464,0.4712222222222222,0.4317000000000001,74673.6484375
465,0.4762222222222222,0.4367000000000001,74642.796875
466,0.47911111111111104,0.4357000000000001,74611.578125
467,0.4695555555555555,0.4312999999999999,74581.3671875
468,0.4752222222222222,0.4314,74550.6640625
469,0.46944444444444444,0.4262999999999999,74518.7578125
470,0.47044444444444444,0.4262999999999999,74487.53125
471,0.47611111111111104,0.43500000000000005,74456.3984375
472,0.47144444444444444,0.4372999999999999,74425.6484375
473,0.4703333333333334,0.43899999999999995,74394.0546875
474,0.4712222222222222,0.43679999999999997,74364.0390625
475,0.4736666666666667,0.4285,74333.0703125
476,0.4753333333333334,0.42610000000000003,74301.703125
477,0.4755555555555555,0.4342999999999999,74271.265625
478,0.4665555555555555,0.4356,74240.1796875
479,0.4685555555555555,0.4376,74208.9375
480,0.4686666666666667,0.43379999999999996,74176.5703125
481,0.4672222222222222,0.4302999999999999,74145.984375
482,0.4668888888888889,0.43620000000000003,74114.75
483,0.4682222222222222,0.4317000000000001,74084.421875
484,0.476,0.4346,74053.2421875
485,0.4628888888888889,0.4272,74022.9609375
486,0.47611111111111104,0.4337000000000001,73992.1015625
487,0.4723333333333334,0.4325,73958.8515625
488,0.4798888888888889,0.43489999999999995,73929.109375
489,0.4686666666666667,0.43620000000000003,73898.1640625
490,0.47644444444444445,0.42879999999999996,73866.0390625
491,0.47611111111111104,0.4365,73834.8203125
492,0.46033333333333337,0.42300000000000004,73803.3125
493,0.4696666666666667,0.4325,73772.921875
494,0.4726666666666667,0.43500000000000005,73741.796875
495,0.4693333333333334,0.42710000000000004,73710.8671875
496,0.47311111111111104,0.4377000000000001,73678.828125
497,0.4726666666666667,0.43100000000000005,73647.2421875
498,0.4685555555555555,0.4215,73615.796875
499,0.4688888888888889,0.4317000000000001,73584.2734375
500,0.47077777777777785,0.43779999999999997,73553.875
501,0.46499999999999997,0.4275,73523.6015625
502,0.4765555555555555,0.4365,73492.1328125
503,0.4773333333333334,0.43289999999999995,73461.1484375
504,0.4682222222222222,0.42610000000000003,73429.2890625
505,0.4696666666666667,0.4325,73397.8828125
506,0.46477777777777785,0.43689999999999996,73366.703125
507,0.4656666666666667,0.42289999999999994,73334.96875
508,0.4776666666666667,0.43689999999999996,73304.2890625
509,0.47277777777777785,0.4356,73274.0390625
510,0.4693333333333334,0.4284,73242.9453125
511,0.47544444444444445,0.43979999999999997,73212.40625
512,0.471,0.4315,73181.671875
513,0.469,0.42810000000000004,73150.1171875
514,0.4798888888888889,0.4458,73118.921875
515,0.4735555555555555,0.43400000000000005,73087.21875
516,0.47077777777777785,0.4327000000000001,73058.0078125
517,0.4732222222222222,0.4277000000000001,73026.7109375
518,0.4773333333333334,0.43320000000000003,72996.7421875
519,0.4746666666666667,0.4392999999999999,72965.59375
520,0.4725555555555555,0.4306,72933.3984375
521,0.482,0.4385,72903.1171875
522,0.47811111111111104,0.43920000000000003,72872.21875
523,0.4828888888888889,0.43720000000000003,72842.75
524,0.4796666666666666,0.4315,72812.2421875
525,0.4696666666666667,0.42789999999999995,72780.9375
526,0.473,0.4376,72749.3125
527,0.47644444444444445,0.43920000000000003,72719.03125
528,0.4696666666666667,0.4367000000000001,72688.96875
529,0.47011111111111104,0.4327000000000001,72656.640625
530,0.47444444444444445,0.4297000000000001,72625.890625
531,0.4806666666666666,0.44120000000000004,72594.0625
532,0.4715555555555555,0.4425,72565.453125
533,0.47311111111111104,0.4322999999999999,72533.359375
534,0.477,0.42889999999999995,72502.0
535,0.4748888888888889,0.43320000000000003,72471.1796875
536,0.4718888888888889,0.42900000000000005,72439.59375
537,0.47,0.4302,72406.9765625
538,0.4798888888888889,0.43289999999999995,72376.7578125
539,0.4755555555555555,0.4345,72345.75
540,0.47211111111111104,0.4307000000000001,72314.609375
541,0.4752222222222222,0.4332999999999999,72285.5703125
542,0.47577777777777785,0.42979999999999996,72253.828125
543,0.4723333333333334,0.43420000000000003,72221.390625
544,0.4676666666666667,0.43379999999999996,72189.5546875
545,0.4756666666666667,0.4324,72158.125
546,0.46599999999999997,0.42779999999999996,72127.28125
547,0.4778888888888889,0.4384,72097.0
548,0.46844444444444444,0.4342999999999999,72065.203125
549,0.4713333333333334,0.4275,72034.9921875
550,0.4758888888888889,0.4264,72003.2578125
551,0.47444444444444445,0.43310000000000004,71973.5703125
552,0.471,0.42879999999999996,71941.5234375
553,0.47244444444444444,0.4324,71910.7421875
554,0.47277777777777785,0.44199999999999995,71879.71875
555,0.4666666666666667,0.4322999999999999,71849.0
556,0.4792222222222222,0.44179999999999997,71817.578125
557,0.47744444444444445,0.4374,71787.03125
558,0.4676666666666667,0.43889999999999996,71756.21875
559,0.475,0.43479999999999996,71725.2734375
560,0.4765555555555555,0.43420000000000003,71694.015625
561,0.4716666666666667,0.42610000000000003,71664.0859375
562,0.471,0.4275,71632.2109375
563,0.47077777777777785,0.43679999999999997,71600.40625
564,0.47377777777777785,0.4304,71569.6171875
565,0.473,0.4334,71538.34375
566,0.47311111111111104,0.4305,71507.1015625
567,0.4666666666666667,0.42389999999999994,71476.515625
568,0.46799999999999997,0.43000000000000005,71444.828125
569,0.46677777777777785,0.42689999999999995,71414.1640625
570,0.4746666666666667,0.43710000000000004,71383.4453125
571,0.4662222222222222,0.4307000000000001,71351.140625
572,0.473,0.4282,71320.625
573,0.4778888888888889,0.4335,71290.6875
574,0.4753333333333334,0.4365,71262.359375
575,0.4763333333333334,0.4392999999999999,71231.3828125
576,0.4763333333333334,0.4344,71199.7421875
577,0.47811111111111104,0.4355,71168.203125
578,0.47544444444444445,0.4324,71138.1796875
579,0.4708888888888889,0.43289999999999995,71107.765625
580,0.471,0.44110000000000005,71076.9140625
581,0.4792222222222222,0.43500000000000005,71045.21875
582,0.47577777777777785,0.42989999999999995,71014.203125
583,0.4736666666666667,0.42879999999999996,70982.90625
584,0.469,0.4366,70951.328125
585,0.4643333333333334,0.4366,70922.84375
586,0.4736666666666667,0.43320000000000003,70892.203125
587,0.46777777777777785,0.4354,70861.078125
588,0.4665555555555555,0.4256,70828.6640625
589,0.469,0.4302,70797.296875
590,0.46699999999999997,0.43420000000000003,70767.734375
591,0.47277777777777785,0.4375,70737.046875
592,0.4703333333333334,0.4415,70704.828125
593,0.4742222222222222,0.4366,70675.25
594,0.47077777777777785,0.4376,70644.5859375
595,0.4722222222222222,0.43620000000000003,70613.703125
596,0.4685555555555555,0.43279999999999996,70582.015625
597,0.47011111111111104,0.43410000000000004,70550.640625
598,0.4683333333333334,0.43179999999999996,70520.2890625
599,0.48,0.44099999999999995,70488.859375
600,0.4738888888888889,0.4266,70457.0703125
