Greedy,Greedy_1,Greedy_5,BBB_Adam_001,BBB_Adam_0001,BBB_RMS_001,BBB_RMS_0001
5.0,0.0,5.0,0.0,5.0,0.0,5.0
5.0,0.0,10.0,0.0,5.0,0.0,10.0
0.0,-5.0,10.0,-5.0,0.0,-5.0,10.0
35.0,30.0,45.0,30.0,35.0,30.0,10.0
35.0,30.0,50.0,30.0,35.0,30.0,15.0
40.0,30.0,55.0,30.0,40.0,30.0,20.0
40.0,30.0,60.0,30.0,45.0,30.0,25.0
40.0,30.0,65.0,30.0,45.0,30.0,30.0
40.0,30.0,65.0,30.0,45.0,30.0,30.0
75.0,65.0,65.0,65.0,45.0,65.0,30.0
75.0,65.0,70.0,65.0,50.0,65.0,35.0
75.0,65.0,70.0,65.0,50.0,65.0,35.0
75.0,65.0,75.0,65.0,55.0,65.0,40.0
75.0,65.0,75.0,65.0,55.0,65.0,40.0
75.0,65.0,80.0,65.0,60.0,65.0,45.0
75.0,65.0,80.0,65.0,60.0,65.0,45.0
75.0,65.0,85.0,65.0,65.0,65.0,50.0
75.0,65.0,90.0,65.0,65.0,65.0,55.0
110.0,100.0,90.0,65.0,65.0,65.0,55.0
145.0,135.0,90.0,100.0,65.0,100.0,55.0
145.0,135.0,90.0,100.0,65.0,100.0,55.0
145.0,135.0,95.0,100.0,70.0,100.0,60.0
145.0,135.0,95.0,100.0,70.0,100.0,60.0
145.0,135.0,100.0,100.0,70.0,100.0,65.0
145.0,135.0,100.0,100.0,70.0,100.0,65.0
145.0,135.0,100.0,135.0,105.0,135.0,65.0
150.0,140.0,105.0,135.0,110.0,135.0,70.0
150.0,140.0,105.0,135.0,110.0,135.0,70.0
155.0,145.0,110.0,135.0,115.0,135.0,75.0
155.0,145.0,110.0,135.0,115.0,135.0,75.0
155.0,145.0,115.0,135.0,120.0,135.0,80.0
155.0,145.0,115.0,135.0,120.0,135.0,80.0
155.0,145.0,120.0,135.0,125.0,135.0,85.0
155.0,145.0,120.0,135.0,125.0,135.0,85.0
155.0,145.0,125.0,135.0,125.0,135.0,90.0
155.0,145.0,125.0,135.0,125.0,135.0,90.0
160.0,145.0,130.0,135.0,125.0,135.0,95.0
160.0,145.0,130.0,130.0,125.0,130.0,95.0
195.0,145.0,130.0,130.0,125.0,130.0,95.0
200.0,145.0,135.0,130.0,130.0,130.0,100.0
205.0,150.0,140.0,135.0,130.0,135.0,105.0
205.0,150.0,145.0,135.0,130.0,135.0,110.0
205.0,150.0,145.0,135.0,130.0,135.0,110.0
205.0,150.0,145.0,135.0,130.0,135.0,110.0
205.0,150.0,145.0,135.0,130.0,135.0,110.0
205.0,150.0,145.0,135.0,130.0,135.0,110.0
205.0,150.0,145.0,135.0,130.0,135.0,110.0
205.0,150.0,150.0,135.0,135.0,135.0,115.0
205.0,150.0,150.0,135.0,135.0,135.0,115.0
205.0,150.0,150.0,135.0,135.0,135.0,115.0
205.0,150.0,155.0,135.0,140.0,135.0,120.0
205.0,150.0,155.0,135.0,140.0,135.0,120.0
205.0,150.0,155.0,135.0,140.0,135.0,120.0
205.0,150.0,160.0,135.0,145.0,135.0,125.0
210.0,155.0,165.0,135.0,150.0,135.0,130.0
210.0,155.0,165.0,130.0,150.0,130.0,130.0
210.0,155.0,170.0,130.0,155.0,130.0,135.0
210.0,155.0,170.0,125.0,155.0,125.0,135.0
215.0,155.0,175.0,130.0,160.0,130.0,140.0
215.0,155.0,180.0,130.0,160.0,130.0,145.0
215.0,155.0,185.0,130.0,165.0,130.0,150.0
220.0,160.0,190.0,130.0,165.0,130.0,155.0
220.0,160.0,195.0,130.0,170.0,130.0,160.0
220.0,195.0,195.0,130.0,170.0,130.0,160.0
220.0,195.0,195.0,130.0,170.0,130.0,160.0
220.0,195.0,195.0,130.0,170.0,130.0,160.0
225.0,200.0,200.0,135.0,175.0,135.0,165.0
225.0,200.0,200.0,135.0,175.0,130.0,165.0
225.0,200.0,200.0,135.0,175.0,125.0,165.0
225.0,200.0,205.0,140.0,180.0,125.0,170.0
225.0,200.0,210.0,140.0,185.0,125.0,175.0
225.0,200.0,210.0,135.0,185.0,120.0,175.0
225.0,200.0,210.0,170.0,185.0,155.0,175.0
225.0,200.0,210.0,170.0,185.0,155.0,175.0
225.0,200.0,215.0,170.0,190.0,155.0,180.0
225.0,200.0,220.0,170.0,195.0,155.0,185.0
225.0,200.0,225.0,170.0,200.0,155.0,190.0
225.0,200.0,230.0,170.0,200.0,155.0,195.0
225.0,205.0,235.0,170.0,205.0,155.0,200.0
225.0,205.0,235.0,170.0,205.0,155.0,200.0
225.0,205.0,240.0,170.0,210.0,155.0,205.0
225.0,205.0,240.0,170.0,210.0,155.0,240.0
225.0,205.0,240.0,170.0,210.0,155.0,240.0
225.0,205.0,240.0,170.0,210.0,155.0,240.0
225.0,205.0,240.0,170.0,210.0,155.0,240.0
225.0,205.0,240.0,170.0,210.0,155.0,240.0
225.0,205.0,240.0,170.0,210.0,155.0,240.0
230.0,205.0,245.0,170.0,210.0,155.0,245.0
230.0,205.0,245.0,170.0,210.0,155.0,245.0
230.0,205.0,245.0,165.0,210.0,150.0,245.0
230.0,205.0,245.0,200.0,210.0,185.0,245.0
230.0,205.0,250.0,200.0,210.0,185.0,250.0
230.0,205.0,255.0,200.0,215.0,185.0,255.0
230.0,205.0,260.0,200.0,215.0,185.0,260.0
230.0,205.0,265.0,200.0,220.0,185.0,265.0
230.0,205.0,265.0,195.0,215.0,180.0,265.0
230.0,205.0,270.0,195.0,215.0,180.0,270.0
230.0,205.0,275.0,195.0,220.0,180.0,275.0
230.0,205.0,275.0,195.0,220.0,180.0,275.0
230.0,205.0,280.0,195.0,220.0,180.0,280.0
230.0,205.0,280.0,195.0,220.0,180.0,280.0
230.0,205.0,280.0,195.0,255.0,180.0,280.0
230.0,205.0,285.0,195.0,255.0,180.0,285.0
230.0,205.0,285.0,195.0,255.0,180.0,285.0
230.0,205.0,285.0,195.0,255.0,180.0,285.0
230.0,205.0,285.0,195.0,255.0,180.0,285.0
230.0,205.0,285.0,195.0,255.0,180.0,285.0
230.0,205.0,290.0,195.0,260.0,180.0,290.0
230.0,205.0,290.0,195.0,260.0,180.0,290.0
230.0,205.0,295.0,195.0,265.0,180.0,295.0
230.0,205.0,300.0,195.0,270.0,180.0,300.0
230.0,205.0,300.0,195.0,270.0,180.0,300.0
230.0,205.0,305.0,195.0,270.0,180.0,305.0
230.0,205.0,305.0,195.0,270.0,180.0,305.0
230.0,205.0,305.0,195.0,270.0,180.0,305.0
235.0,210.0,310.0,200.0,275.0,180.0,310.0
235.0,210.0,310.0,200.0,275.0,175.0,310.0
235.0,210.0,310.0,200.0,275.0,175.0,310.0
240.0,215.0,315.0,200.0,280.0,175.0,315.0
240.0,215.0,315.0,200.0,280.0,175.0,315.0
240.0,215.0,315.0,200.0,280.0,175.0,315.0
240.0,215.0,320.0,205.0,285.0,175.0,320.0
240.0,215.0,325.0,205.0,285.0,175.0,325.0
240.0,215.0,330.0,205.0,285.0,175.0,330.0
240.0,215.0,330.0,205.0,285.0,175.0,330.0
240.0,215.0,330.0,205.0,285.0,175.0,330.0
240.0,215.0,330.0,205.0,285.0,175.0,330.0
240.0,215.0,330.0,205.0,285.0,175.0,330.0
240.0,215.0,330.0,205.0,285.0,175.0,330.0
240.0,215.0,330.0,205.0,285.0,175.0,330.0
245.0,215.0,335.0,210.0,290.0,180.0,335.0
245.0,215.0,340.0,210.0,295.0,180.0,340.0
245.0,215.0,345.0,210.0,300.0,180.0,345.0
245.0,215.0,350.0,210.0,305.0,180.0,350.0
245.0,215.0,355.0,210.0,305.0,180.0,355.0
245.0,215.0,355.0,210.0,305.0,180.0,355.0
245.0,215.0,355.0,210.0,305.0,180.0,355.0
245.0,215.0,355.0,205.0,305.0,175.0,355.0
245.0,215.0,360.0,205.0,305.0,175.0,360.0
245.0,215.0,365.0,205.0,305.0,175.0,365.0
245.0,215.0,365.0,205.0,305.0,175.0,365.0
245.0,215.0,370.0,205.0,310.0,175.0,370.0
245.0,215.0,370.0,240.0,345.0,210.0,370.0
245.0,215.0,370.0,240.0,345.0,210.0,370.0
245.0,215.0,375.0,240.0,350.0,210.0,375.0
245.0,215.0,380.0,245.0,350.0,215.0,380.0
245.0,215.0,385.0,245.0,355.0,215.0,385.0
245.0,215.0,390.0,245.0,355.0,215.0,390.0
245.0,215.0,395.0,245.0,360.0,215.0,395.0
240.0,215.0,395.0,245.0,360.0,215.0,395.0
240.0,215.0,400.0,245.0,360.0,215.0,400.0
235.0,215.0,400.0,245.0,360.0,215.0,400.0
235.0,215.0,405.0,245.0,360.0,215.0,405.0
235.0,215.0,405.0,240.0,360.0,215.0,405.0
235.0,210.0,405.0,235.0,360.0,215.0,405.0
235.0,210.0,410.0,235.0,365.0,215.0,410.0
270.0,210.0,410.0,235.0,365.0,215.0,410.0
265.0,210.0,410.0,235.0,365.0,215.0,410.0
265.0,210.0,410.0,235.0,365.0,215.0,410.0
260.0,210.0,410.0,235.0,365.0,215.0,410.0
260.0,210.0,415.0,235.0,365.0,215.0,415.0
260.0,210.0,415.0,270.0,365.0,215.0,415.0
260.0,210.0,415.0,270.0,365.0,215.0,415.0
265.0,215.0,420.0,270.0,365.0,215.0,420.0
265.0,215.0,420.0,270.0,365.0,215.0,420.0
265.0,215.0,425.0,270.0,365.0,215.0,425.0
265.0,215.0,425.0,270.0,365.0,215.0,425.0
265.0,215.0,430.0,270.0,370.0,215.0,430.0
265.0,215.0,435.0,270.0,375.0,215.0,435.0
265.0,215.0,440.0,270.0,375.0,215.0,440.0
265.0,215.0,445.0,270.0,375.0,215.0,445.0
265.0,215.0,445.0,265.0,375.0,215.0,445.0
265.0,215.0,445.0,300.0,375.0,215.0,445.0
265.0,215.0,450.0,300.0,375.0,215.0,450.0
265.0,215.0,450.0,300.0,375.0,215.0,450.0
265.0,215.0,450.0,300.0,375.0,215.0,450.0
265.0,215.0,450.0,300.0,375.0,215.0,450.0
265.0,215.0,455.0,300.0,375.0,215.0,455.0
265.0,215.0,460.0,300.0,375.0,215.0,460.0
270.0,220.0,465.0,300.0,380.0,215.0,465.0
270.0,220.0,470.0,300.0,380.0,215.0,470.0
270.0,220.0,470.0,300.0,380.0,215.0,470.0
270.0,220.0,470.0,335.0,380.0,250.0,470.0
270.0,225.0,475.0,340.0,385.0,255.0,475.0
270.0,225.0,475.0,340.0,420.0,255.0,475.0
270.0,225.0,475.0,340.0,420.0,255.0,475.0
270.0,225.0,475.0,340.0,415.0,250.0,475.0
270.0,220.0,475.0,340.0,415.0,245.0,475.0
270.0,220.0,480.0,340.0,415.0,245.0,480.0
270.0,220.0,485.0,340.0,415.0,245.0,485.0
270.0,220.0,485.0,340.0,415.0,245.0,485.0
270.0,220.0,490.0,340.0,415.0,245.0,490.0
270.0,220.0,495.0,340.0,415.0,245.0,495.0
305.0,220.0,495.0,340.0,415.0,245.0,495.0
305.0,220.0,500.0,340.0,415.0,245.0,500.0
305.0,220.0,500.0,340.0,415.0,240.0,500.0
305.0,220.0,505.0,340.0,415.0,240.0,505.0
305.0,220.0,505.0,340.0,415.0,240.0,505.0
305.0,220.0,505.0,340.0,415.0,275.0,505.0
305.0,220.0,505.0,340.0,415.0,275.0,505.0
305.0,220.0,510.0,340.0,415.0,275.0,510.0
305.0,220.0,515.0,340.0,415.0,275.0,515.0
310.0,220.0,520.0,345.0,420.0,280.0,520.0
310.0,220.0,525.0,345.0,425.0,280.0,525.0
310.0,220.0,525.0,345.0,425.0,280.0,525.0
310.0,220.0,530.0,345.0,425.0,280.0,530.0
310.0,220.0,535.0,350.0,430.0,285.0,535.0
310.0,220.0,540.0,350.0,430.0,285.0,540.0
310.0,220.0,545.0,350.0,430.0,285.0,545.0
310.0,220.0,550.0,350.0,430.0,285.0,550.0
310.0,255.0,550.0,385.0,465.0,320.0,550.0
310.0,255.0,555.0,390.0,465.0,320.0,555.0
310.0,255.0,555.0,390.0,465.0,320.0,555.0
310.0,255.0,555.0,390.0,465.0,320.0,555.0
310.0,255.0,560.0,390.0,465.0,320.0,560.0
310.0,255.0,565.0,390.0,465.0,320.0,565.0
310.0,255.0,570.0,390.0,465.0,320.0,570.0
310.0,255.0,575.0,390.0,470.0,320.0,575.0
310.0,255.0,580.0,390.0,470.0,320.0,580.0
310.0,255.0,580.0,390.0,470.0,320.0,580.0
310.0,255.0,585.0,390.0,470.0,320.0,585.0
310.0,255.0,585.0,390.0,505.0,320.0,585.0
310.0,255.0,590.0,390.0,505.0,320.0,590.0
310.0,255.0,595.0,390.0,505.0,320.0,595.0
310.0,255.0,600.0,390.0,505.0,320.0,600.0
315.0,260.0,605.0,390.0,505.0,320.0,605.0
315.0,260.0,610.0,390.0,505.0,320.0,610.0
315.0,260.0,615.0,390.0,505.0,320.0,615.0
315.0,260.0,620.0,390.0,505.0,320.0,620.0
315.0,260.0,625.0,390.0,505.0,320.0,625.0
320.0,265.0,630.0,390.0,505.0,320.0,630.0
320.0,265.0,630.0,390.0,505.0,320.0,630.0
325.0,270.0,635.0,390.0,505.0,320.0,635.0
325.0,270.0,635.0,390.0,505.0,320.0,635.0
325.0,270.0,640.0,390.0,505.0,320.0,640.0
325.0,270.0,645.0,390.0,505.0,320.0,645.0
325.0,270.0,650.0,390.0,505.0,320.0,650.0
325.0,270.0,650.0,390.0,505.0,320.0,650.0
325.0,270.0,650.0,390.0,505.0,320.0,650.0
330.0,275.0,655.0,390.0,505.0,320.0,655.0
330.0,275.0,660.0,390.0,510.0,320.0,660.0
330.0,275.0,665.0,390.0,510.0,320.0,665.0
330.0,275.0,670.0,395.0,510.0,320.0,670.0
330.0,275.0,670.0,395.0,510.0,320.0,670.0
365.0,275.0,670.0,395.0,510.0,355.0,670.0
365.0,275.0,670.0,395.0,510.0,355.0,670.0
365.0,275.0,670.0,395.0,510.0,355.0,670.0
365.0,275.0,675.0,395.0,510.0,355.0,675.0
365.0,275.0,675.0,395.0,510.0,355.0,675.0
365.0,275.0,675.0,395.0,510.0,355.0,675.0
365.0,275.0,680.0,395.0,515.0,360.0,680.0
365.0,275.0,685.0,395.0,515.0,360.0,685.0
365.0,275.0,685.0,430.0,515.0,360.0,685.0
365.0,275.0,685.0,430.0,515.0,360.0,685.0
365.0,275.0,685.0,430.0,515.0,395.0,685.0
370.0,275.0,690.0,435.0,520.0,400.0,690.0
370.0,275.0,690.0,435.0,520.0,400.0,690.0
370.0,275.0,690.0,435.0,520.0,400.0,690.0
370.0,275.0,690.0,435.0,520.0,400.0,690.0
370.0,275.0,695.0,435.0,525.0,400.0,695.0
370.0,275.0,700.0,435.0,525.0,400.0,700.0
370.0,275.0,705.0,435.0,525.0,400.0,705.0
405.0,310.0,705.0,470.0,525.0,400.0,705.0
405.0,310.0,705.0,470.0,525.0,400.0,705.0
405.0,310.0,705.0,470.0,525.0,400.0,705.0
405.0,310.0,710.0,475.0,530.0,400.0,710.0
405.0,310.0,710.0,475.0,530.0,400.0,710.0
405.0,305.0,710.0,475.0,530.0,400.0,710.0
405.0,305.0,710.0,475.0,530.0,400.0,710.0
405.0,305.0,710.0,475.0,530.0,400.0,710.0
405.0,305.0,710.0,475.0,530.0,400.0,710.0
405.0,305.0,710.0,475.0,530.0,400.0,710.0
405.0,305.0,715.0,480.0,530.0,405.0,715.0
405.0,305.0,720.0,480.0,535.0,405.0,720.0
405.0,305.0,720.0,480.0,570.0,405.0,720.0
405.0,305.0,725.0,480.0,570.0,405.0,725.0
405.0,305.0,725.0,480.0,570.0,405.0,725.0
410.0,305.0,730.0,485.0,575.0,410.0,730.0
410.0,305.0,730.0,485.0,575.0,410.0,730.0
410.0,305.0,730.0,485.0,575.0,410.0,730.0
410.0,305.0,730.0,480.0,575.0,405.0,730.0
410.0,305.0,730.0,480.0,575.0,405.0,730.0
410.0,305.0,735.0,480.0,575.0,405.0,735.0
410.0,305.0,735.0,480.0,575.0,405.0,735.0
410.0,305.0,735.0,480.0,575.0,405.0,735.0
410.0,305.0,740.0,480.0,575.0,405.0,740.0
410.0,305.0,745.0,480.0,575.0,405.0,745.0
410.0,305.0,750.0,480.0,575.0,405.0,750.0
410.0,305.0,755.0,480.0,575.0,405.0,755.0
410.0,305.0,760.0,480.0,575.0,405.0,760.0
410.0,305.0,765.0,480.0,575.0,405.0,765.0
410.0,305.0,765.0,480.0,575.0,405.0,765.0
410.0,305.0,770.0,480.0,575.0,405.0,770.0
410.0,305.0,775.0,480.0,580.0,405.0,775.0
410.0,305.0,780.0,480.0,585.0,405.0,780.0
410.0,310.0,785.0,485.0,590.0,410.0,785.0
410.0,310.0,785.0,485.0,590.0,410.0,785.0
410.0,310.0,785.0,485.0,590.0,410.0,785.0
415.0,315.0,790.0,485.0,590.0,410.0,790.0
415.0,315.0,795.0,485.0,590.0,410.0,795.0
415.0,315.0,795.0,485.0,590.0,410.0,795.0
420.0,320.0,800.0,485.0,590.0,410.0,800.0
420.0,320.0,800.0,485.0,590.0,410.0,800.0
420.0,320.0,805.0,485.0,590.0,410.0,805.0
420.0,320.0,810.0,485.0,590.0,410.0,810.0
425.0,325.0,815.0,485.0,590.0,410.0,815.0
425.0,325.0,815.0,485.0,590.0,410.0,815.0
430.0,330.0,820.0,485.0,595.0,410.0,820.0
430.0,330.0,820.0,480.0,595.0,405.0,820.0
430.0,330.0,825.0,480.0,595.0,405.0,825.0
430.0,330.0,830.0,480.0,595.0,405.0,830.0
430.0,330.0,835.0,480.0,595.0,405.0,835.0
430.0,330.0,840.0,480.0,600.0,405.0,840.0
430.0,330.0,845.0,480.0,600.0,405.0,845.0
430.0,330.0,845.0,480.0,600.0,405.0,845.0
430.0,335.0,850.0,485.0,605.0,410.0,850.0
430.0,335.0,855.0,485.0,605.0,410.0,855.0
430.0,335.0,860.0,485.0,605.0,410.0,860.0
430.0,335.0,865.0,485.0,605.0,410.0,865.0
430.0,335.0,865.0,485.0,605.0,410.0,865.0
430.0,335.0,870.0,485.0,610.0,410.0,870.0
430.0,335.0,870.0,485.0,610.0,410.0,870.0
430.0,335.0,875.0,485.0,610.0,410.0,875.0
430.0,335.0,875.0,485.0,610.0,410.0,875.0
430.0,335.0,880.0,485.0,615.0,410.0,880.0
430.0,335.0,885.0,485.0,615.0,410.0,885.0
430.0,335.0,890.0,485.0,620.0,410.0,890.0
430.0,335.0,890.0,485.0,620.0,410.0,890.0
430.0,335.0,895.0,485.0,625.0,410.0,895.0
430.0,335.0,900.0,485.0,625.0,410.0,900.0
430.0,335.0,900.0,485.0,625.0,410.0,900.0
430.0,335.0,900.0,485.0,625.0,410.0,900.0
430.0,370.0,900.0,520.0,660.0,445.0,900.0
430.0,370.0,900.0,520.0,660.0,440.0,900.0
430.0,370.0,900.0,520.0,660.0,440.0,900.0
435.0,375.0,905.0,520.0,660.0,440.0,905.0
435.0,375.0,905.0,520.0,660.0,440.0,905.0
435.0,375.0,910.0,525.0,665.0,440.0,910.0
435.0,375.0,910.0,525.0,665.0,440.0,910.0
435.0,375.0,915.0,525.0,665.0,440.0,915.0
435.0,375.0,920.0,525.0,665.0,440.0,920.0
435.0,375.0,925.0,525.0,665.0,440.0,925.0
435.0,375.0,925.0,525.0,665.0,440.0,925.0
435.0,375.0,930.0,525.0,665.0,440.0,930.0
435.0,375.0,930.0,525.0,665.0,440.0,930.0
435.0,375.0,930.0,525.0,665.0,440.0,930.0
440.0,380.0,935.0,525.0,665.0,440.0,935.0
440.0,380.0,940.0,525.0,665.0,440.0,940.0
440.0,380.0,945.0,525.0,665.0,440.0,945.0
440.0,380.0,945.0,525.0,665.0,440.0,945.0
440.0,380.0,950.0,525.0,665.0,440.0,950.0
440.0,380.0,950.0,525.0,665.0,440.0,950.0
440.0,380.0,950.0,525.0,665.0,440.0,950.0
440.0,380.0,955.0,525.0,665.0,440.0,955.0
440.0,380.0,955.0,525.0,665.0,440.0,955.0
440.0,380.0,960.0,525.0,665.0,440.0,960.0
440.0,380.0,965.0,525.0,665.0,440.0,965.0
445.0,380.0,970.0,525.0,665.0,440.0,970.0
445.0,380.0,970.0,525.0,665.0,440.0,970.0
445.0,380.0,970.0,525.0,665.0,440.0,970.0
445.0,380.0,970.0,525.0,665.0,440.0,970.0
445.0,415.0,970.0,525.0,665.0,440.0,970.0
445.0,415.0,970.0,525.0,665.0,440.0,970.0
445.0,415.0,975.0,525.0,665.0,440.0,975.0
445.0,415.0,980.0,525.0,665.0,440.0,980.0
445.0,415.0,980.0,525.0,665.0,440.0,980.0
445.0,415.0,980.0,525.0,665.0,440.0,980.0
445.0,415.0,985.0,525.0,665.0,440.0,985.0
445.0,415.0,990.0,525.0,665.0,440.0,990.0
445.0,415.0,995.0,525.0,665.0,440.0,995.0
445.0,415.0,1000.0,525.0,665.0,440.0,1000.0
445.0,415.0,1000.0,525.0,665.0,440.0,1000.0
445.0,420.0,1005.0,525.0,665.0,440.0,1005.0
445.0,420.0,1005.0,525.0,665.0,440.0,1005.0
445.0,420.0,1010.0,525.0,665.0,440.0,1010.0
445.0,420.0,1010.0,525.0,665.0,475.0,1010.0
445.0,420.0,1010.0,525.0,665.0,470.0,1010.0
445.0,420.0,1010.0,525.0,665.0,470.0,1010.0
445.0,420.0,1010.0,525.0,665.0,470.0,1010.0
445.0,420.0,1010.0,525.0,665.0,470.0,1010.0
445.0,420.0,1015.0,525.0,665.0,470.0,1015.0
445.0,420.0,1015.0,525.0,665.0,470.0,1015.0
445.0,420.0,1015.0,525.0,665.0,470.0,1015.0
445.0,420.0,1020.0,525.0,665.0,470.0,1020.0
445.0,420.0,1025.0,525.0,665.0,470.0,1025.0
445.0,420.0,1030.0,525.0,665.0,470.0,1030.0
445.0,420.0,1035.0,525.0,665.0,470.0,1035.0
445.0,420.0,1040.0,525.0,665.0,470.0,1040.0
445.0,420.0,1045.0,525.0,670.0,475.0,1045.0
445.0,420.0,1050.0,525.0,670.0,475.0,1050.0
445.0,420.0,1050.0,525.0,670.0,475.0,1050.0
445.0,420.0,1050.0,525.0,670.0,475.0,1050.0
445.0,420.0,1050.0,525.0,670.0,470.0,1050.0
445.0,420.0,1055.0,525.0,670.0,470.0,1055.0
445.0,420.0,1055.0,525.0,670.0,470.0,1055.0
445.0,420.0,1060.0,525.0,670.0,470.0,1060.0
445.0,420.0,1060.0,525.0,670.0,470.0,1060.0
445.0,420.0,1060.0,525.0,670.0,465.0,1060.0
445.0,420.0,1060.0,525.0,670.0,460.0,1060.0
445.0,420.0,1065.0,530.0,670.0,465.0,1065.0
445.0,420.0,1065.0,530.0,670.0,465.0,1065.0
445.0,420.0,1070.0,530.0,670.0,465.0,1070.0
445.0,420.0,1070.0,530.0,670.0,465.0,1070.0
450.0,425.0,1075.0,530.0,670.0,465.0,1075.0
450.0,425.0,1080.0,530.0,675.0,465.0,1080.0
450.0,425.0,1080.0,530.0,675.0,465.0,1080.0
450.0,425.0,1085.0,530.0,675.0,465.0,1085.0
455.0,430.0,1090.0,530.0,675.0,465.0,1090.0
455.0,430.0,1090.0,530.0,675.0,465.0,1090.0
455.0,430.0,1095.0,530.0,675.0,465.0,1095.0
455.0,430.0,1100.0,530.0,675.0,470.0,1100.0
455.0,430.0,1105.0,530.0,675.0,470.0,1105.0
455.0,430.0,1105.0,530.0,675.0,470.0,1105.0
455.0,430.0,1105.0,530.0,675.0,470.0,1105.0
455.0,430.0,1110.0,530.0,675.0,470.0,1110.0
455.0,430.0,1115.0,530.0,675.0,470.0,1115.0
455.0,430.0,1120.0,535.0,680.0,475.0,1120.0
460.0,435.0,1125.0,535.0,680.0,475.0,1125.0
460.0,435.0,1125.0,535.0,680.0,475.0,1125.0
460.0,435.0,1130.0,535.0,680.0,475.0,1130.0
460.0,435.0,1135.0,535.0,680.0,475.0,1135.0
460.0,435.0,1135.0,535.0,680.0,475.0,1135.0
460.0,435.0,1135.0,535.0,715.0,475.0,1135.0
465.0,440.0,1140.0,535.0,715.0,475.0,1140.0
465.0,440.0,1145.0,535.0,715.0,475.0,1145.0
465.0,440.0,1145.0,535.0,715.0,475.0,1145.0
465.0,440.0,1150.0,535.0,720.0,475.0,1150.0
465.0,440.0,1150.0,570.0,720.0,475.0,1150.0
465.0,440.0,1150.0,570.0,720.0,510.0,1150.0
465.0,440.0,1155.0,570.0,720.0,510.0,1155.0
465.0,440.0,1155.0,570.0,720.0,510.0,1155.0
465.0,440.0,1160.0,570.0,720.0,510.0,1160.0
465.0,440.0,1160.0,570.0,720.0,505.0,1160.0
465.0,440.0,1165.0,570.0,720.0,505.0,1165.0
465.0,440.0,1170.0,570.0,720.0,505.0,1170.0
465.0,440.0,1175.0,570.0,720.0,505.0,1175.0
465.0,440.0,1180.0,570.0,720.0,505.0,1180.0
465.0,440.0,1180.0,570.0,720.0,505.0,1180.0
465.0,440.0,1185.0,570.0,720.0,505.0,1185.0
465.0,440.0,1190.0,570.0,720.0,505.0,1190.0
465.0,440.0,1195.0,570.0,720.0,505.0,1195.0
465.0,440.0,1200.0,570.0,720.0,505.0,1200.0
465.0,440.0,1205.0,570.0,720.0,505.0,1205.0
465.0,440.0,1210.0,570.0,720.0,505.0,1210.0
465.0,440.0,1210.0,570.0,720.0,505.0,1210.0
465.0,440.0,1215.0,570.0,720.0,505.0,1215.0
465.0,440.0,1220.0,570.0,720.0,505.0,1220.0
465.0,445.0,1225.0,570.0,720.0,505.0,1225.0
465.0,445.0,1225.0,570.0,720.0,505.0,1225.0
465.0,445.0,1225.0,570.0,720.0,505.0,1225.0
465.0,445.0,1225.0,570.0,720.0,505.0,1225.0
465.0,445.0,1225.0,570.0,720.0,505.0,1225.0
465.0,445.0,1230.0,570.0,720.0,505.0,1230.0
465.0,445.0,1230.0,570.0,720.0,540.0,1230.0
465.0,445.0,1235.0,570.0,720.0,540.0,1235.0
465.0,445.0,1240.0,570.0,720.0,540.0,1240.0
465.0,445.0,1245.0,570.0,720.0,540.0,1245.0
465.0,445.0,1250.0,570.0,720.0,540.0,1250.0
465.0,445.0,1250.0,570.0,720.0,540.0,1250.0
465.0,445.0,1255.0,570.0,720.0,540.0,1255.0
470.0,450.0,1260.0,570.0,720.0,540.0,1260.0
470.0,450.0,1260.0,570.0,720.0,540.0,1260.0
470.0,450.0,1260.0,570.0,720.0,540.0,1260.0
470.0,450.0,1265.0,570.0,720.0,540.0,1265.0
470.0,450.0,1270.0,570.0,720.0,540.0,1270.0
470.0,450.0,1270.0,570.0,720.0,540.0,1270.0
470.0,450.0,1275.0,570.0,720.0,540.0,1275.0
475.0,455.0,1280.0,570.0,720.0,540.0,1280.0
475.0,460.0,1285.0,570.0,720.0,540.0,1285.0
475.0,460.0,1285.0,565.0,720.0,540.0,1285.0
475.0,460.0,1290.0,565.0,720.0,540.0,1290.0
475.0,460.0,1295.0,565.0,720.0,540.0,1295.0
475.0,460.0,1295.0,565.0,720.0,540.0,1295.0
475.0,460.0,1295.0,565.0,720.0,540.0,1295.0
475.0,460.0,1295.0,565.0,720.0,540.0,1295.0
475.0,460.0,1295.0,565.0,720.0,535.0,1295.0
475.0,460.0,1295.0,565.0,720.0,530.0,1295.0
475.0,460.0,1300.0,565.0,720.0,530.0,1300.0
475.0,460.0,1305.0,565.0,720.0,530.0,1305.0
475.0,460.0,1310.0,565.0,720.0,530.0,1310.0
475.0,460.0,1315.0,565.0,725.0,530.0,1315.0
475.0,460.0,1320.0,565.0,725.0,530.0,1320.0
475.0,460.0,1320.0,565.0,725.0,530.0,1320.0
475.0,460.0,1325.0,565.0,725.0,530.0,1325.0
475.0,460.0,1330.0,565.0,725.0,530.0,1330.0
475.0,460.0,1335.0,565.0,725.0,530.0,1335.0
475.0,460.0,1335.0,565.0,725.0,530.0,1335.0
475.0,460.0,1340.0,565.0,725.0,530.0,1340.0
475.0,460.0,1340.0,565.0,725.0,530.0,1340.0
475.0,460.0,1345.0,565.0,725.0,530.0,1345.0
475.0,460.0,1350.0,565.0,725.0,530.0,1350.0
475.0,460.0,1350.0,560.0,725.0,530.0,1350.0
480.0,460.0,1355.0,560.0,725.0,530.0,1355.0
480.0,460.0,1355.0,560.0,725.0,530.0,1355.0
480.0,460.0,1355.0,560.0,725.0,530.0,1355.0
480.0,460.0,1360.0,560.0,725.0,530.0,1360.0
480.0,460.0,1365.0,560.0,725.0,530.0,1365.0
480.0,460.0,1365.0,560.0,725.0,530.0,1365.0
480.0,460.0,1370.0,560.0,725.0,530.0,1370.0
480.0,460.0,1370.0,560.0,725.0,530.0,1370.0
480.0,460.0,1375.0,565.0,725.0,530.0,1375.0
480.0,460.0,1380.0,565.0,725.0,530.0,1380.0
480.0,460.0,1380.0,560.0,725.0,530.0,1380.0
480.0,460.0,1385.0,560.0,725.0,530.0,1385.0
480.0,460.0,1390.0,560.0,725.0,530.0,1390.0
480.0,460.0,1390.0,560.0,725.0,530.0,1390.0
480.0,460.0,1390.0,595.0,725.0,565.0,1390.0
480.0,460.0,1395.0,595.0,725.0,565.0,1395.0
480.0,460.0,1400.0,600.0,730.0,565.0,1400.0
480.0,460.0,1405.0,600.0,730.0,565.0,1405.0
480.0,460.0,1410.0,600.0,730.0,565.0,1410.0
480.0,460.0,1415.0,600.0,730.0,565.0,1415.0
480.0,460.0,1415.0,600.0,730.0,565.0,1415.0
480.0,460.0,1420.0,600.0,730.0,565.0,1420.0
480.0,460.0,1425.0,600.0,730.0,565.0,1425.0
480.0,460.0,1430.0,600.0,730.0,565.0,1430.0
480.0,460.0,1435.0,600.0,735.0,565.0,1435.0
485.0,465.0,1440.0,600.0,735.0,565.0,1440.0
485.0,465.0,1445.0,600.0,735.0,565.0,1445.0
485.0,465.0,1445.0,600.0,735.0,565.0,1445.0
485.0,465.0,1450.0,600.0,735.0,565.0,1450.0
485.0,465.0,1455.0,600.0,735.0,565.0,1455.0
490.0,470.0,1460.0,600.0,735.0,565.0,1460.0
490.0,470.0,1460.0,600.0,735.0,600.0,1460.0
490.0,470.0,1460.0,600.0,735.0,600.0,1460.0
490.0,470.0,1465.0,600.0,735.0,600.0,1465.0
490.0,470.0,1470.0,600.0,735.0,600.0,1470.0
490.0,470.0,1470.0,600.0,735.0,600.0,1470.0
490.0,470.0,1470.0,600.0,770.0,600.0,1470.0
490.0,470.0,1475.0,600.0,770.0,600.0,1475.0
490.0,470.0,1480.0,600.0,770.0,600.0,1480.0
490.0,470.0,1480.0,600.0,770.0,600.0,1480.0
490.0,470.0,1480.0,600.0,770.0,600.0,1480.0
490.0,470.0,1480.0,600.0,770.0,600.0,1480.0
490.0,470.0,1485.0,600.0,770.0,600.0,1485.0
490.0,470.0,1485.0,600.0,770.0,600.0,1485.0
490.0,470.0,1490.0,600.0,770.0,600.0,1490.0
490.0,470.0,1490.0,595.0,770.0,595.0,1490.0
490.0,470.0,1490.0,595.0,770.0,595.0,1490.0
490.0,470.0,1495.0,595.0,770.0,595.0,1495.0
490.0,470.0,1495.0,595.0,770.0,595.0,1495.0
490.0,470.0,1500.0,595.0,770.0,595.0,1500.0
490.0,470.0,1500.0,595.0,770.0,595.0,1500.0
490.0,470.0,1500.0,595.0,770.0,595.0,1500.0
490.0,470.0,1505.0,595.0,770.0,595.0,1505.0
495.0,475.0,1510.0,595.0,770.0,595.0,1510.0
495.0,475.0,1515.0,595.0,770.0,595.0,1515.0
495.0,475.0,1520.0,595.0,770.0,595.0,1520.0
495.0,475.0,1525.0,595.0,770.0,595.0,1525.0
495.0,475.0,1525.0,595.0,770.0,595.0,1525.0
495.0,470.0,1525.0,595.0,770.0,595.0,1525.0
495.0,470.0,1525.0,595.0,770.0,595.0,1525.0
495.0,470.0,1530.0,595.0,770.0,595.0,1530.0
495.0,470.0,1530.0,595.0,770.0,595.0,1530.0
495.0,470.0,1530.0,595.0,770.0,595.0,1530.0
495.0,470.0,1530.0,595.0,770.0,630.0,1530.0
495.0,470.0,1535.0,595.0,770.0,630.0,1535.0
495.0,470.0,1540.0,595.0,770.0,630.0,1540.0
495.0,470.0,1545.0,595.0,770.0,630.0,1545.0
495.0,470.0,1550.0,595.0,770.0,630.0,1550.0
495.0,470.0,1550.0,595.0,770.0,665.0,1550.0
495.0,470.0,1555.0,595.0,770.0,665.0,1555.0
495.0,470.0,1560.0,595.0,770.0,665.0,1560.0
495.0,470.0,1565.0,595.0,770.0,665.0,1565.0
495.0,470.0,1570.0,595.0,770.0,665.0,1570.0
495.0,470.0,1570.0,595.0,770.0,665.0,1570.0
495.0,470.0,1575.0,595.0,770.0,665.0,1575.0
495.0,470.0,1575.0,595.0,770.0,665.0,1575.0
495.0,470.0,1580.0,595.0,775.0,665.0,1580.0
495.0,470.0,1585.0,595.0,775.0,665.0,1585.0
495.0,470.0,1590.0,595.0,775.0,670.0,1590.0
495.0,470.0,1590.0,590.0,775.0,670.0,1590.0
495.0,470.0,1595.0,590.0,775.0,670.0,1595.0
495.0,470.0,1595.0,590.0,775.0,670.0,1595.0
495.0,470.0,1595.0,590.0,775.0,670.0,1595.0
495.0,505.0,1595.0,590.0,775.0,670.0,1595.0
495.0,505.0,1595.0,590.0,775.0,670.0,1595.0
495.0,505.0,1600.0,590.0,775.0,670.0,1600.0
495.0,505.0,1600.0,590.0,775.0,670.0,1600.0
495.0,505.0,1605.0,590.0,775.0,670.0,1605.0
495.0,505.0,1605.0,590.0,775.0,670.0,1605.0
495.0,505.0,1610.0,595.0,775.0,670.0,1610.0
500.0,510.0,1615.0,595.0,775.0,670.0,1615.0
500.0,510.0,1615.0,595.0,775.0,670.0,1615.0
500.0,510.0,1620.0,600.0,775.0,670.0,1620.0
500.0,510.0,1625.0,600.0,775.0,670.0,1625.0
500.0,510.0,1625.0,600.0,775.0,670.0,1625.0
500.0,510.0,1625.0,600.0,770.0,670.0,1625.0
500.0,510.0,1625.0,600.0,770.0,670.0,1625.0
500.0,510.0,1625.0,600.0,770.0,670.0,1625.0
500.0,510.0,1630.0,600.0,770.0,670.0,1630.0
500.0,510.0,1630.0,600.0,770.0,670.0,1630.0
500.0,510.0,1635.0,600.0,770.0,670.0,1635.0
505.0,510.0,1640.0,600.0,775.0,675.0,1640.0
505.0,510.0,1645.0,600.0,775.0,675.0,1645.0
505.0,510.0,1645.0,600.0,775.0,675.0,1645.0
505.0,510.0,1650.0,600.0,775.0,675.0,1650.0
505.0,510.0,1650.0,600.0,775.0,675.0,1650.0
505.0,510.0,1655.0,600.0,775.0,675.0,1655.0
505.0,510.0,1655.0,600.0,775.0,675.0,1655.0
505.0,510.0,1660.0,600.0,775.0,675.0,1660.0
505.0,510.0,1660.0,600.0,775.0,675.0,1660.0
505.0,510.0,1665.0,600.0,775.0,675.0,1665.0
505.0,510.0,1665.0,600.0,775.0,675.0,1665.0
505.0,510.0,1665.0,600.0,775.0,675.0,1665.0
505.0,510.0,1670.0,600.0,775.0,675.0,1670.0
505.0,510.0,1675.0,600.0,775.0,675.0,1675.0
505.0,510.0,1675.0,600.0,775.0,675.0,1675.0
505.0,510.0,1680.0,600.0,775.0,675.0,1680.0
505.0,510.0,1685.0,600.0,775.0,675.0,1685.0
505.0,510.0,1685.0,600.0,775.0,675.0,1685.0
505.0,510.0,1685.0,600.0,775.0,675.0,1685.0
505.0,510.0,1690.0,600.0,775.0,675.0,1690.0
505.0,510.0,1695.0,600.0,775.0,675.0,1695.0
505.0,510.0,1695.0,600.0,775.0,675.0,1695.0
510.0,515.0,1700.0,600.0,775.0,675.0,1700.0
510.0,515.0,1705.0,600.0,775.0,675.0,1705.0
510.0,515.0,1705.0,635.0,775.0,675.0,1705.0
510.0,515.0,1710.0,635.0,775.0,675.0,1710.0
510.0,515.0,1710.0,635.0,775.0,675.0,1710.0
510.0,515.0,1715.0,635.0,775.0,675.0,1715.0
510.0,515.0,1720.0,635.0,775.0,675.0,1720.0
510.0,515.0,1725.0,635.0,775.0,675.0,1725.0
510.0,515.0,1725.0,635.0,775.0,675.0,1725.0
510.0,515.0,1725.0,670.0,775.0,675.0,1725.0
510.0,515.0,1730.0,670.0,775.0,675.0,1730.0
510.0,515.0,1735.0,670.0,775.0,675.0,1735.0
510.0,515.0,1735.0,670.0,775.0,675.0,1735.0
515.0,515.0,1740.0,670.0,780.0,675.0,1740.0
515.0,515.0,1740.0,670.0,780.0,675.0,1740.0
515.0,515.0,1740.0,670.0,775.0,675.0,1740.0
515.0,515.0,1740.0,670.0,775.0,675.0,1740.0
515.0,515.0,1740.0,670.0,775.0,675.0,1740.0
515.0,515.0,1745.0,670.0,775.0,675.0,1745.0
515.0,515.0,1745.0,665.0,775.0,670.0,1745.0
515.0,515.0,1745.0,665.0,775.0,705.0,1745.0
515.0,515.0,1745.0,665.0,775.0,705.0,1745.0
515.0,515.0,1750.0,665.0,775.0,705.0,1750.0
515.0,515.0,1750.0,700.0,775.0,740.0,1750.0
515.0,515.0,1755.0,700.0,775.0,740.0,1755.0
515.0,515.0,1760.0,700.0,775.0,740.0,1760.0
515.0,515.0,1760.0,700.0,775.0,775.0,1760.0
515.0,515.0,1760.0,700.0,775.0,775.0,1760.0
515.0,515.0,1760.0,700.0,775.0,775.0,1760.0
520.0,515.0,1765.0,700.0,775.0,775.0,1765.0
520.0,515.0,1765.0,700.0,775.0,775.0,1765.0
520.0,515.0,1765.0,700.0,775.0,775.0,1765.0
520.0,515.0,1765.0,700.0,775.0,775.0,1765.0
520.0,515.0,1770.0,700.0,775.0,775.0,1770.0
520.0,515.0,1770.0,700.0,775.0,775.0,1770.0
525.0,515.0,1775.0,700.0,780.0,775.0,1775.0
525.0,515.0,1780.0,700.0,780.0,775.0,1780.0
525.0,515.0,1785.0,700.0,780.0,775.0,1785.0
525.0,515.0,1785.0,700.0,780.0,770.0,1785.0
525.0,515.0,1785.0,700.0,780.0,770.0,1785.0
525.0,520.0,1790.0,700.0,780.0,770.0,1790.0
525.0,520.0,1795.0,700.0,780.0,770.0,1795.0
525.0,520.0,1800.0,705.0,785.0,770.0,1800.0
525.0,520.0,1805.0,705.0,785.0,770.0,1805.0
525.0,520.0,1805.0,705.0,785.0,770.0,1805.0
525.0,520.0,1810.0,705.0,785.0,770.0,1810.0
525.0,520.0,1810.0,705.0,785.0,770.0,1810.0
525.0,520.0,1810.0,705.0,785.0,770.0,1810.0
525.0,520.0,1810.0,705.0,785.0,770.0,1810.0
525.0,520.0,1810.0,705.0,785.0,770.0,1810.0
525.0,520.0,1815.0,705.0,785.0,770.0,1815.0
525.0,520.0,1815.0,705.0,785.0,770.0,1815.0
525.0,520.0,1820.0,705.0,785.0,770.0,1820.0
525.0,520.0,1820.0,705.0,785.0,770.0,1820.0
525.0,520.0,1820.0,705.0,780.0,770.0,1820.0
525.0,525.0,1825.0,705.0,780.0,770.0,1825.0
525.0,525.0,1830.0,705.0,780.0,770.0,1830.0
525.0,525.0,1830.0,705.0,780.0,770.0,1830.0
525.0,525.0,1830.0,705.0,780.0,770.0,1830.0
525.0,525.0,1835.0,705.0,780.0,770.0,1835.0
530.0,530.0,1840.0,705.0,780.0,770.0,1840.0
530.0,530.0,1845.0,705.0,780.0,770.0,1845.0
530.0,535.0,1850.0,705.0,780.0,770.0,1850.0
530.0,535.0,1855.0,705.0,780.0,770.0,1855.0
530.0,535.0,1860.0,705.0,780.0,770.0,1860.0
530.0,535.0,1860.0,705.0,780.0,770.0,1860.0
530.0,535.0,1860.0,705.0,780.0,770.0,1860.0
530.0,535.0,1860.0,705.0,780.0,770.0,1860.0
530.0,535.0,1860.0,700.0,780.0,765.0,1860.0
530.0,535.0,1865.0,700.0,780.0,765.0,1865.0
530.0,535.0,1865.0,700.0,780.0,765.0,1865.0
530.0,535.0,1865.0,700.0,780.0,765.0,1865.0
530.0,535.0,1870.0,700.0,780.0,765.0,1870.0
530.0,535.0,1870.0,700.0,780.0,765.0,1870.0
530.0,535.0,1875.0,700.0,780.0,765.0,1875.0
530.0,535.0,1875.0,700.0,780.0,765.0,1875.0
530.0,535.0,1880.0,700.0,780.0,765.0,1880.0
530.0,535.0,1880.0,700.0,780.0,765.0,1880.0
530.0,535.0,1880.0,700.0,780.0,765.0,1880.0
535.0,540.0,1885.0,700.0,780.0,765.0,1885.0
535.0,540.0,1890.0,700.0,780.0,765.0,1890.0
535.0,540.0,1895.0,700.0,780.0,765.0,1895.0
535.0,540.0,1900.0,700.0,780.0,765.0,1900.0
535.0,540.0,1905.0,700.0,780.0,765.0,1905.0
535.0,540.0,1910.0,700.0,780.0,765.0,1910.0
535.0,540.0,1915.0,700.0,780.0,765.0,1915.0
535.0,540.0,1920.0,700.0,780.0,765.0,1920.0
535.0,540.0,1920.0,700.0,780.0,765.0,1920.0
535.0,540.0,1920.0,735.0,780.0,765.0,1920.0
535.0,540.0,1925.0,735.0,780.0,765.0,1925.0
535.0,540.0,1925.0,735.0,780.0,760.0,1925.0
535.0,540.0,1930.0,735.0,780.0,760.0,1930.0
535.0,540.0,1935.0,735.0,780.0,760.0,1935.0
535.0,540.0,1940.0,735.0,780.0,760.0,1940.0
535.0,540.0,1940.0,770.0,780.0,795.0,1940.0
535.0,540.0,1945.0,770.0,780.0,795.0,1945.0
535.0,540.0,1950.0,770.0,780.0,795.0,1950.0
535.0,540.0,1955.0,770.0,780.0,795.0,1955.0
535.0,540.0,1960.0,770.0,780.0,795.0,1960.0
535.0,540.0,1965.0,770.0,780.0,795.0,1965.0
535.0,545.0,1970.0,770.0,780.0,795.0,1970.0
535.0,545.0,1970.0,770.0,780.0,795.0,1970.0
535.0,545.0,1975.0,770.0,780.0,795.0,1975.0
535.0,545.0,1980.0,770.0,780.0,795.0,1980.0
535.0,545.0,1985.0,770.0,780.0,795.0,1985.0
535.0,545.0,1985.0,770.0,780.0,795.0,1985.0
535.0,545.0,1990.0,770.0,780.0,795.0,1990.0
535.0,545.0,1995.0,770.0,780.0,795.0,1995.0
535.0,550.0,2000.0,770.0,785.0,795.0,2000.0
535.0,550.0,2005.0,770.0,785.0,795.0,2005.0
535.0,550.0,2010.0,770.0,785.0,795.0,2010.0
535.0,550.0,2015.0,770.0,785.0,795.0,2015.0
535.0,550.0,2020.0,770.0,785.0,795.0,2020.0
535.0,550.0,2020.0,770.0,785.0,795.0,2020.0
535.0,550.0,2020.0,770.0,785.0,830.0,2020.0
535.0,550.0,2020.0,770.0,785.0,830.0,2020.0
535.0,550.0,2025.0,770.0,785.0,830.0,2025.0
540.0,555.0,2030.0,770.0,785.0,830.0,2030.0
540.0,555.0,2035.0,770.0,785.0,830.0,2035.0
540.0,555.0,2040.0,770.0,785.0,830.0,2040.0
540.0,555.0,2040.0,770.0,785.0,825.0,2040.0
540.0,555.0,2045.0,770.0,785.0,825.0,2045.0
535.0,555.0,2045.0,770.0,785.0,825.0,2045.0
535.0,555.0,2045.0,770.0,785.0,825.0,2045.0
535.0,555.0,2050.0,770.0,790.0,825.0,2050.0
535.0,555.0,2050.0,765.0,790.0,825.0,2050.0
535.0,555.0,2055.0,765.0,790.0,825.0,2055.0
535.0,555.0,2055.0,765.0,790.0,825.0,2055.0
535.0,555.0,2060.0,765.0,790.0,825.0,2060.0
535.0,555.0,2065.0,765.0,790.0,825.0,2065.0
535.0,555.0,2070.0,765.0,790.0,825.0,2070.0
535.0,555.0,2075.0,765.0,790.0,825.0,2075.0
535.0,555.0,2075.0,765.0,790.0,825.0,2075.0
535.0,555.0,2080.0,765.0,790.0,825.0,2080.0
535.0,555.0,2080.0,765.0,790.0,825.0,2080.0
535.0,555.0,2080.0,765.0,790.0,825.0,2080.0
535.0,555.0,2085.0,765.0,790.0,825.0,2085.0
535.0,555.0,2085.0,765.0,790.0,825.0,2085.0
535.0,555.0,2085.0,765.0,790.0,825.0,2085.0
535.0,555.0,2085.0,765.0,790.0,825.0,2085.0
535.0,555.0,2090.0,765.0,795.0,825.0,2090.0
535.0,555.0,2095.0,765.0,795.0,825.0,2095.0
535.0,555.0,2100.0,765.0,795.0,825.0,2100.0
535.0,555.0,2105.0,765.0,795.0,825.0,2105.0
535.0,555.0,2110.0,765.0,795.0,825.0,2110.0
535.0,555.0,2115.0,765.0,795.0,825.0,2115.0
535.0,555.0,2120.0,765.0,795.0,825.0,2120.0
535.0,560.0,2125.0,765.0,795.0,825.0,2125.0
535.0,560.0,2125.0,765.0,795.0,825.0,2125.0
535.0,560.0,2130.0,765.0,795.0,825.0,2130.0
535.0,560.0,2130.0,765.0,795.0,825.0,2130.0
535.0,560.0,2135.0,765.0,795.0,825.0,2135.0
535.0,560.0,2135.0,765.0,795.0,825.0,2135.0
535.0,560.0,2140.0,765.0,795.0,825.0,2140.0
535.0,560.0,2145.0,765.0,795.0,825.0,2145.0
535.0,560.0,2145.0,765.0,795.0,860.0,2145.0
535.0,560.0,2150.0,765.0,795.0,860.0,2150.0
535.0,560.0,2155.0,765.0,795.0,860.0,2155.0
535.0,560.0,2160.0,765.0,795.0,860.0,2160.0
535.0,560.0,2165.0,765.0,795.0,860.0,2165.0
535.0,560.0,2170.0,765.0,795.0,860.0,2170.0
535.0,560.0,2170.0,765.0,795.0,895.0,2170.0
535.0,560.0,2175.0,765.0,795.0,895.0,2175.0
570.0,560.0,2175.0,800.0,830.0,895.0,2175.0
570.0,560.0,2180.0,800.0,830.0,895.0,2180.0
570.0,560.0,2180.0,800.0,830.0,895.0,2180.0
570.0,560.0,2180.0,800.0,830.0,895.0,2180.0
570.0,560.0,2185.0,800.0,830.0,895.0,2185.0
570.0,560.0,2185.0,800.0,830.0,895.0,2185.0
570.0,560.0,2190.0,800.0,830.0,895.0,2190.0
570.0,560.0,2195.0,800.0,830.0,895.0,2195.0
570.0,560.0,2200.0,800.0,830.0,895.0,2200.0
570.0,560.0,2205.0,800.0,830.0,895.0,2205.0
570.0,560.0,2205.0,800.0,830.0,895.0,2205.0
570.0,560.0,2205.0,800.0,830.0,895.0,2205.0
570.0,560.0,2205.0,800.0,830.0,895.0,2205.0
570.0,560.0,2205.0,800.0,830.0,895.0,2205.0
570.0,560.0,2210.0,800.0,830.0,895.0,2210.0
570.0,560.0,2210.0,800.0,830.0,895.0,2210.0
570.0,560.0,2210.0,800.0,830.0,895.0,2210.0
570.0,560.0,2210.0,800.0,830.0,895.0,2210.0
570.0,560.0,2210.0,800.0,830.0,895.0,2210.0
570.0,560.0,2210.0,800.0,830.0,895.0,2210.0
570.0,560.0,2210.0,800.0,830.0,895.0,2210.0
570.0,560.0,2215.0,800.0,830.0,895.0,2215.0
570.0,560.0,2220.0,800.0,830.0,895.0,2220.0
570.0,560.0,2220.0,800.0,830.0,895.0,2220.0
570.0,560.0,2220.0,800.0,830.0,895.0,2220.0
570.0,560.0,2220.0,835.0,830.0,930.0,2220.0
570.0,560.0,2220.0,835.0,830.0,930.0,2220.0
570.0,560.0,2220.0,835.0,830.0,930.0,2220.0
570.0,565.0,2225.0,840.0,835.0,930.0,2225.0
570.0,565.0,2230.0,840.0,835.0,930.0,2230.0
570.0,565.0,2230.0,840.0,835.0,930.0,2230.0
570.0,565.0,2230.0,840.0,835.0,930.0,2230.0
570.0,565.0,2235.0,840.0,835.0,930.0,2235.0
570.0,565.0,2240.0,840.0,835.0,930.0,2240.0
570.0,565.0,2245.0,840.0,835.0,930.0,2245.0
570.0,565.0,2250.0,840.0,835.0,930.0,2250.0
575.0,565.0,2255.0,840.0,835.0,930.0,2255.0
575.0,565.0,2260.0,840.0,835.0,930.0,2260.0
575.0,565.0,2260.0,840.0,835.0,930.0,2260.0
575.0,565.0,2265.0,840.0,835.0,930.0,2265.0
575.0,565.0,2265.0,840.0,835.0,965.0,2265.0
575.0,565.0,2270.0,840.0,835.0,965.0,2270.0
575.0,565.0,2275.0,840.0,835.0,965.0,2275.0
575.0,565.0,2280.0,840.0,835.0,965.0,2280.0
575.0,565.0,2285.0,840.0,835.0,965.0,2285.0
575.0,565.0,2285.0,840.0,835.0,965.0,2285.0
575.0,565.0,2290.0,840.0,835.0,965.0,2290.0
580.0,570.0,2295.0,840.0,835.0,965.0,2295.0
580.0,570.0,2295.0,840.0,835.0,965.0,2295.0
580.0,570.0,2295.0,840.0,835.0,965.0,2295.0
585.0,575.0,2300.0,840.0,835.0,965.0,2300.0
585.0,575.0,2305.0,840.0,835.0,965.0,2305.0
585.0,575.0,2305.0,840.0,835.0,965.0,2305.0
585.0,575.0,2310.0,840.0,835.0,965.0,2310.0
585.0,575.0,2315.0,840.0,835.0,965.0,2315.0
585.0,575.0,2315.0,840.0,835.0,960.0,2315.0
585.0,575.0,2320.0,840.0,835.0,960.0,2320.0
585.0,575.0,2320.0,840.0,835.0,960.0,2320.0
585.0,575.0,2320.0,840.0,835.0,960.0,2320.0
585.0,575.0,2320.0,840.0,835.0,960.0,2320.0
585.0,575.0,2320.0,840.0,835.0,960.0,2320.0
585.0,575.0,2325.0,840.0,835.0,960.0,2325.0
585.0,575.0,2325.0,875.0,835.0,960.0,2325.0
585.0,575.0,2330.0,875.0,835.0,960.0,2330.0
585.0,575.0,2330.0,875.0,835.0,960.0,2330.0
585.0,575.0,2335.0,875.0,835.0,960.0,2335.0
585.0,575.0,2340.0,875.0,835.0,960.0,2340.0
585.0,575.0,2345.0,875.0,835.0,960.0,2345.0
585.0,575.0,2345.0,875.0,835.0,960.0,2345.0
585.0,575.0,2345.0,870.0,835.0,955.0,2345.0
585.0,575.0,2350.0,870.0,835.0,955.0,2350.0
580.0,570.0,2350.0,865.0,835.0,950.0,2350.0
580.0,570.0,2350.0,865.0,835.0,950.0,2350.0
580.0,570.0,2355.0,865.0,835.0,950.0,2355.0
580.0,570.0,2355.0,865.0,835.0,950.0,2355.0
580.0,570.0,2355.0,865.0,835.0,950.0,2355.0
580.0,570.0,2360.0,865.0,840.0,950.0,2360.0
580.0,570.0,2360.0,865.0,840.0,950.0,2360.0
580.0,570.0,2365.0,865.0,840.0,950.0,2365.0
580.0,570.0,2370.0,865.0,840.0,950.0,2370.0
580.0,570.0,2370.0,865.0,840.0,950.0,2370.0
580.0,570.0,2375.0,865.0,840.0,950.0,2375.0
580.0,570.0,2380.0,865.0,840.0,950.0,2380.0
580.0,570.0,2385.0,865.0,840.0,950.0,2385.0
580.0,570.0,2385.0,865.0,840.0,950.0,2385.0
580.0,570.0,2385.0,865.0,840.0,950.0,2385.0
580.0,570.0,2385.0,865.0,840.0,950.0,2385.0
580.0,570.0,2390.0,865.0,845.0,950.0,2390.0
580.0,570.0,2390.0,900.0,845.0,950.0,2390.0
580.0,570.0,2395.0,900.0,845.0,950.0,2395.0
585.0,570.0,2400.0,900.0,850.0,950.0,2400.0
585.0,570.0,2400.0,900.0,850.0,950.0,2400.0
585.0,570.0,2400.0,900.0,850.0,950.0,2400.0
585.0,570.0,2400.0,900.0,850.0,950.0,2400.0
585.0,570.0,2400.0,900.0,850.0,950.0,2400.0
585.0,570.0,2405.0,900.0,850.0,950.0,2405.0
585.0,570.0,2410.0,900.0,850.0,950.0,2410.0
585.0,570.0,2415.0,900.0,850.0,950.0,2415.0
585.0,570.0,2415.0,900.0,850.0,950.0,2415.0
585.0,570.0,2415.0,900.0,850.0,950.0,2415.0
585.0,570.0,2415.0,895.0,850.0,945.0,2415.0
590.0,575.0,2420.0,895.0,850.0,945.0,2420.0
590.0,575.0,2425.0,895.0,850.0,945.0,2425.0
590.0,575.0,2430.0,895.0,850.0,945.0,2430.0
590.0,575.0,2435.0,895.0,850.0,945.0,2435.0
590.0,575.0,2435.0,895.0,850.0,945.0,2435.0
595.0,575.0,2440.0,895.0,855.0,945.0,2440.0
595.0,575.0,2440.0,895.0,855.0,945.0,2440.0
595.0,575.0,2445.0,900.0,855.0,945.0,2445.0
595.0,575.0,2450.0,900.0,855.0,945.0,2450.0
595.0,575.0,2455.0,900.0,855.0,945.0,2455.0
595.0,575.0,2455.0,900.0,855.0,945.0,2455.0
595.0,575.0,2455.0,900.0,855.0,945.0,2455.0
595.0,575.0,2460.0,900.0,855.0,945.0,2460.0
595.0,575.0,2465.0,900.0,855.0,945.0,2465.0
595.0,575.0,2465.0,900.0,855.0,945.0,2465.0
595.0,575.0,2465.0,900.0,855.0,945.0,2465.0
595.0,575.0,2465.0,900.0,855.0,945.0,2465.0
595.0,575.0,2470.0,900.0,855.0,945.0,2470.0
595.0,575.0,2470.0,935.0,855.0,945.0,2470.0
595.0,575.0,2470.0,970.0,855.0,980.0,2470.0
595.0,575.0,2475.0,970.0,855.0,980.0,2475.0
595.0,575.0,2475.0,970.0,855.0,980.0,2475.0
595.0,575.0,2480.0,970.0,855.0,980.0,2480.0
595.0,575.0,2480.0,970.0,855.0,980.0,2480.0
595.0,575.0,2480.0,970.0,855.0,1015.0,2480.0
595.0,575.0,2480.0,970.0,855.0,1015.0,2480.0
595.0,575.0,2485.0,970.0,855.0,1015.0,2485.0
595.0,575.0,2490.0,970.0,855.0,1015.0,2490.0
595.0,575.0,2490.0,970.0,855.0,1015.0,2490.0
595.0,575.0,2495.0,970.0,855.0,1015.0,2495.0
595.0,575.0,2500.0,970.0,855.0,1015.0,2500.0
595.0,575.0,2500.0,970.0,855.0,1015.0,2500.0
595.0,575.0,2500.0,970.0,855.0,1015.0,2500.0
595.0,575.0,2500.0,970.0,855.0,1015.0,2500.0
595.0,575.0,2500.0,970.0,855.0,1015.0,2500.0
595.0,575.0,2505.0,970.0,855.0,1015.0,2505.0
595.0,575.0,2510.0,970.0,855.0,1015.0,2510.0
595.0,575.0,2515.0,970.0,855.0,1015.0,2515.0
595.0,575.0,2520.0,970.0,855.0,1015.0,2520.0
595.0,575.0,2520.0,970.0,855.0,1010.0,2520.0
595.0,575.0,2525.0,970.0,855.0,1010.0,2525.0
595.0,575.0,2530.0,970.0,855.0,1010.0,2530.0
595.0,575.0,2535.0,970.0,855.0,1010.0,2535.0
595.0,575.0,2540.0,970.0,855.0,1010.0,2540.0
595.0,575.0,2540.0,970.0,855.0,1010.0,2540.0
595.0,575.0,2540.0,970.0,855.0,1010.0,2540.0
595.0,575.0,2545.0,970.0,855.0,1010.0,2545.0
595.0,575.0,2550.0,970.0,855.0,1010.0,2550.0
595.0,575.0,2555.0,970.0,855.0,1010.0,2555.0
595.0,575.0,2555.0,970.0,855.0,1010.0,2555.0
595.0,575.0,2560.0,975.0,855.0,1010.0,2560.0
600.0,575.0,2565.0,975.0,860.0,1010.0,2565.0
600.0,575.0,2565.0,975.0,860.0,1010.0,2565.0
600.0,575.0,2570.0,975.0,860.0,1010.0,2570.0
600.0,575.0,2570.0,975.0,860.0,1010.0,2570.0
600.0,575.0,2570.0,975.0,860.0,1010.0,2570.0
600.0,580.0,2575.0,980.0,865.0,1010.0,2575.0
600.0,580.0,2580.0,980.0,865.0,1010.0,2580.0
600.0,580.0,2580.0,980.0,865.0,1045.0,2580.0
600.0,580.0,2580.0,980.0,865.0,1045.0,2580.0
600.0,580.0,2580.0,980.0,865.0,1080.0,2580.0
600.0,580.0,2585.0,980.0,865.0,1080.0,2585.0
600.0,580.0,2585.0,980.0,865.0,1080.0,2585.0
600.0,580.0,2590.0,980.0,865.0,1080.0,2590.0
600.0,580.0,2590.0,980.0,865.0,1080.0,2590.0
600.0,580.0,2590.0,980.0,865.0,1080.0,2590.0
600.0,580.0,2590.0,980.0,860.0,1075.0,2590.0
600.0,580.0,2590.0,980.0,860.0,1075.0,2590.0
600.0,580.0,2590.0,980.0,860.0,1075.0,2590.0
600.0,580.0,2590.0,980.0,860.0,1075.0,2590.0
600.0,580.0,2595.0,980.0,860.0,1075.0,2595.0
600.0,580.0,2595.0,980.0,860.0,1110.0,2595.0
600.0,580.0,2600.0,985.0,860.0,1110.0,2600.0
600.0,580.0,2605.0,985.0,860.0,1110.0,2605.0
600.0,580.0,2605.0,985.0,860.0,1145.0,2605.0
600.0,580.0,2610.0,985.0,860.0,1145.0,2610.0
600.0,580.0,2610.0,985.0,860.0,1145.0,2610.0
600.0,580.0,2610.0,985.0,860.0,1140.0,2610.0
600.0,580.0,2610.0,985.0,860.0,1140.0,2610.0
600.0,580.0,2610.0,985.0,860.0,1140.0,2610.0
600.0,580.0,2615.0,985.0,860.0,1140.0,2615.0
600.0,580.0,2620.0,985.0,860.0,1140.0,2620.0
600.0,580.0,2620.0,985.0,860.0,1140.0,2620.0
600.0,580.0,2620.0,985.0,860.0,1140.0,2620.0
600.0,580.0,2620.0,980.0,860.0,1140.0,2620.0
600.0,580.0,2620.0,980.0,860.0,1140.0,2620.0
600.0,580.0,2620.0,980.0,860.0,1140.0,2620.0
600.0,580.0,2620.0,980.0,860.0,1140.0,2620.0
600.0,580.0,2620.0,980.0,860.0,1135.0,2620.0
600.0,580.0,2625.0,980.0,860.0,1135.0,2625.0
600.0,580.0,2625.0,980.0,860.0,1135.0,2625.0
600.0,580.0,2630.0,980.0,860.0,1135.0,2630.0
600.0,580.0,2635.0,980.0,860.0,1135.0,2635.0
600.0,580.0,2635.0,980.0,860.0,1135.0,2635.0
600.0,580.0,2640.0,985.0,860.0,1135.0,2640.0
600.0,580.0,2645.0,985.0,860.0,1135.0,2645.0
600.0,580.0,2650.0,985.0,860.0,1135.0,2650.0
600.0,580.0,2655.0,985.0,860.0,1135.0,2655.0
600.0,580.0,2655.0,985.0,860.0,1135.0,2655.0
600.0,580.0,2660.0,985.0,860.0,1135.0,2660.0
600.0,580.0,2660.0,985.0,860.0,1135.0,2660.0
600.0,580.0,2660.0,985.0,860.0,1135.0,2660.0
600.0,580.0,2665.0,985.0,860.0,1135.0,2665.0
600.0,585.0,2670.0,990.0,865.0,1140.0,2670.0
600.0,585.0,2670.0,990.0,865.0,1140.0,2670.0
600.0,585.0,2670.0,990.0,865.0,1140.0,2670.0
600.0,585.0,2670.0,990.0,865.0,1135.0,2670.0
600.0,590.0,2675.0,990.0,865.0,1135.0,2675.0
600.0,590.0,2675.0,990.0,865.0,1135.0,2675.0
600.0,590.0,2680.0,990.0,865.0,1135.0,2680.0
600.0,590.0,2680.0,985.0,865.0,1135.0,2680.0
600.0,590.0,2685.0,985.0,865.0,1135.0,2685.0
600.0,590.0,2690.0,985.0,865.0,1135.0,2690.0
600.0,590.0,2695.0,985.0,865.0,1135.0,2695.0
600.0,590.0,2700.0,985.0,865.0,1135.0,2700.0
600.0,590.0,2700.0,985.0,865.0,1135.0,2700.0
600.0,590.0,2700.0,985.0,865.0,1135.0,2700.0
600.0,590.0,2700.0,985.0,865.0,1135.0,2700.0
600.0,590.0,2700.0,985.0,865.0,1135.0,2700.0
600.0,590.0,2700.0,985.0,860.0,1135.0,2700.0
600.0,590.0,2700.0,985.0,860.0,1135.0,2700.0
600.0,590.0,2705.0,985.0,860.0,1135.0,2705.0
605.0,590.0,2710.0,985.0,865.0,1135.0,2710.0
605.0,590.0,2715.0,985.0,865.0,1135.0,2715.0
605.0,590.0,2715.0,985.0,865.0,1135.0,2715.0
605.0,590.0,2715.0,985.0,865.0,1135.0,2715.0
610.0,595.0,2720.0,985.0,865.0,1135.0,2720.0
610.0,595.0,2720.0,985.0,865.0,1135.0,2720.0
610.0,595.0,2720.0,985.0,865.0,1170.0,2720.0
610.0,595.0,2720.0,985.0,865.0,1205.0,2720.0
610.0,595.0,2725.0,985.0,870.0,1205.0,2725.0
610.0,595.0,2730.0,985.0,870.0,1205.0,2730.0
610.0,595.0,2730.0,985.0,870.0,1205.0,2730.0
610.0,595.0,2735.0,985.0,870.0,1205.0,2735.0
610.0,595.0,2740.0,985.0,870.0,1205.0,2740.0
610.0,595.0,2740.0,985.0,870.0,1205.0,2740.0
610.0,595.0,2745.0,985.0,870.0,1205.0,2745.0
610.0,595.0,2750.0,985.0,870.0,1205.0,2750.0
610.0,595.0,2755.0,985.0,870.0,1205.0,2755.0
610.0,595.0,2760.0,985.0,875.0,1205.0,2760.0
610.0,595.0,2760.0,985.0,875.0,1205.0,2760.0
610.0,595.0,2760.0,985.0,875.0,1205.0,2760.0
610.0,595.0,2760.0,985.0,875.0,1200.0,2760.0
610.0,595.0,2760.0,985.0,875.0,1200.0,2760.0
610.0,595.0,2760.0,985.0,875.0,1200.0,2760.0
610.0,595.0,2765.0,985.0,880.0,1200.0,2765.0
610.0,595.0,2770.0,985.0,880.0,1200.0,2770.0
610.0,595.0,2770.0,985.0,880.0,1200.0,2770.0
610.0,595.0,2770.0,985.0,880.0,1195.0,2770.0
610.0,595.0,2775.0,985.0,880.0,1195.0,2775.0
610.0,595.0,2780.0,985.0,880.0,1195.0,2780.0
610.0,595.0,2785.0,985.0,880.0,1195.0,2785.0
610.0,595.0,2790.0,985.0,880.0,1195.0,2790.0
610.0,595.0,2795.0,985.0,880.0,1195.0,2795.0
610.0,595.0,2795.0,985.0,880.0,1195.0,2795.0
610.0,595.0,2795.0,985.0,880.0,1195.0,2795.0
610.0,595.0,2800.0,985.0,880.0,1195.0,2800.0
610.0,595.0,2800.0,1020.0,880.0,1195.0,2800.0
610.0,595.0,2805.0,1020.0,880.0,1195.0,2805.0
610.0,595.0,2810.0,1020.0,880.0,1195.0,2810.0
610.0,595.0,2815.0,1020.0,880.0,1195.0,2815.0
610.0,595.0,2820.0,1020.0,880.0,1195.0,2820.0
610.0,595.0,2820.0,1020.0,880.0,1195.0,2820.0
610.0,595.0,2825.0,1025.0,880.0,1195.0,2825.0
610.0,595.0,2825.0,1025.0,880.0,1195.0,2825.0
610.0,595.0,2825.0,1025.0,880.0,1195.0,2825.0
610.0,595.0,2830.0,1025.0,880.0,1195.0,2830.0
610.0,595.0,2830.0,1020.0,880.0,1195.0,2830.0
610.0,595.0,2835.0,1020.0,880.0,1195.0,2835.0
610.0,595.0,2835.0,1020.0,880.0,1195.0,2835.0
610.0,595.0,2835.0,1020.0,880.0,1190.0,2835.0
610.0,595.0,2840.0,1020.0,880.0,1190.0,2840.0
610.0,595.0,2840.0,1020.0,880.0,1190.0,2840.0
610.0,595.0,2845.0,1020.0,880.0,1190.0,2845.0
610.0,595.0,2850.0,1020.0,880.0,1190.0,2850.0
610.0,595.0,2850.0,1020.0,880.0,1190.0,2850.0
610.0,595.0,2855.0,1020.0,880.0,1190.0,2855.0
610.0,595.0,2860.0,1020.0,880.0,1190.0,2860.0
610.0,595.0,2865.0,1020.0,880.0,1190.0,2865.0
610.0,595.0,2870.0,1020.0,880.0,1190.0,2870.0
610.0,595.0,2870.0,1020.0,880.0,1190.0,2870.0
610.0,595.0,2870.0,1020.0,880.0,1190.0,2870.0
610.0,595.0,2875.0,1020.0,880.0,1190.0,2875.0
610.0,595.0,2875.0,1020.0,880.0,1190.0,2875.0
610.0,595.0,2880.0,1020.0,880.0,1190.0,2880.0
610.0,595.0,2880.0,1020.0,880.0,1190.0,2880.0
610.0,595.0,2880.0,1020.0,880.0,1190.0,2880.0
610.0,595.0,2880.0,1020.0,880.0,1190.0,2880.0
610.0,595.0,2880.0,1020.0,880.0,1190.0,2880.0
610.0,595.0,2885.0,1025.0,880.0,1190.0,2885.0
610.0,595.0,2890.0,1025.0,880.0,1190.0,2890.0
610.0,595.0,2895.0,1025.0,880.0,1190.0,2895.0
610.0,595.0,2900.0,1025.0,880.0,1190.0,2900.0
610.0,595.0,2905.0,1025.0,880.0,1190.0,2905.0
610.0,595.0,2910.0,1025.0,880.0,1190.0,2910.0
610.0,595.0,2915.0,1025.0,885.0,1190.0,2915.0
610.0,595.0,2920.0,1025.0,885.0,1190.0,2920.0
610.0,595.0,2925.0,1025.0,885.0,1190.0,2925.0
610.0,595.0,2930.0,1025.0,885.0,1190.0,2930.0
610.0,595.0,2935.0,1025.0,885.0,1190.0,2935.0
610.0,595.0,2935.0,1025.0,885.0,1190.0,2935.0
610.0,595.0,2935.0,1025.0,885.0,1190.0,2935.0
610.0,595.0,2940.0,1025.0,885.0,1190.0,2940.0
610.0,595.0,2940.0,1025.0,885.0,1190.0,2940.0
610.0,595.0,2945.0,1025.0,885.0,1190.0,2945.0
610.0,595.0,2945.0,1025.0,885.0,1190.0,2945.0
610.0,595.0,2945.0,1025.0,885.0,1225.0,2945.0
615.0,600.0,2950.0,1025.0,885.0,1225.0,2950.0
615.0,600.0,2950.0,1025.0,885.0,1225.0,2950.0
615.0,600.0,2955.0,1025.0,885.0,1225.0,2955.0
615.0,600.0,2955.0,1025.0,885.0,1225.0,2955.0
615.0,600.0,2955.0,1025.0,885.0,1225.0,2955.0
615.0,600.0,2955.0,1025.0,885.0,1260.0,2955.0
615.0,600.0,2960.0,1025.0,885.0,1260.0,2960.0
615.0,600.0,2960.0,1025.0,885.0,1260.0,2960.0
615.0,600.0,2960.0,1025.0,885.0,1255.0,2960.0
615.0,600.0,2965.0,1025.0,885.0,1255.0,2965.0
615.0,600.0,2965.0,1025.0,885.0,1255.0,2965.0
615.0,600.0,2970.0,1025.0,885.0,1255.0,2970.0
615.0,600.0,2970.0,1025.0,885.0,1255.0,2970.0
615.0,600.0,2970.0,1025.0,885.0,1255.0,2970.0
615.0,600.0,2975.0,1025.0,885.0,1255.0,2975.0
615.0,600.0,2975.0,1025.0,885.0,1255.0,2975.0
615.0,600.0,2980.0,1025.0,885.0,1255.0,2980.0
615.0,600.0,2985.0,1025.0,885.0,1255.0,2985.0
615.0,600.0,2990.0,1025.0,885.0,1255.0,2990.0
615.0,600.0,2995.0,1025.0,885.0,1255.0,2995.0
615.0,600.0,3000.0,1025.0,885.0,1255.0,3000.0
615.0,600.0,3000.0,1025.0,885.0,1255.0,3000.0
615.0,600.0,3000.0,1025.0,885.0,1255.0,3000.0
615.0,605.0,3005.0,1030.0,890.0,1255.0,3005.0
615.0,605.0,3010.0,1030.0,890.0,1255.0,3010.0
615.0,605.0,3010.0,1030.0,890.0,1255.0,3010.0
615.0,605.0,3010.0,1030.0,890.0,1255.0,3010.0
615.0,605.0,3015.0,1030.0,890.0,1255.0,3015.0
615.0,605.0,3020.0,1030.0,890.0,1255.0,3020.0
615.0,605.0,3020.0,1030.0,890.0,1255.0,3020.0
615.0,605.0,3025.0,1030.0,890.0,1255.0,3025.0
615.0,605.0,3025.0,1030.0,890.0,1255.0,3025.0
615.0,605.0,3030.0,1030.0,890.0,1255.0,3030.0
615.0,605.0,3035.0,1030.0,890.0,1255.0,3035.0
615.0,605.0,3040.0,1030.0,890.0,1255.0,3040.0
615.0,605.0,3045.0,1030.0,890.0,1255.0,3045.0
615.0,605.0,3045.0,1065.0,890.0,1255.0,3045.0
615.0,605.0,3050.0,1065.0,890.0,1255.0,3050.0
615.0,605.0,3055.0,1065.0,890.0,1255.0,3055.0
615.0,605.0,3060.0,1065.0,890.0,1255.0,3060.0
615.0,605.0,3065.0,1065.0,890.0,1255.0,3065.0
615.0,605.0,3070.0,1065.0,890.0,1255.0,3070.0
615.0,605.0,3070.0,1065.0,890.0,1255.0,3070.0
615.0,605.0,3075.0,1065.0,890.0,1255.0,3075.0
615.0,605.0,3080.0,1065.0,890.0,1255.0,3080.0
615.0,605.0,3080.0,1065.0,890.0,1255.0,3080.0
650.0,605.0,3080.0,1065.0,890.0,1255.0,3080.0
650.0,605.0,3080.0,1065.0,890.0,1255.0,3080.0
650.0,605.0,3085.0,1065.0,890.0,1255.0,3085.0
650.0,605.0,3085.0,1065.0,890.0,1255.0,3085.0
650.0,605.0,3090.0,1065.0,890.0,1255.0,3090.0
650.0,605.0,3095.0,1065.0,890.0,1255.0,3095.0
650.0,605.0,3095.0,1065.0,890.0,1250.0,3095.0
650.0,605.0,3100.0,1065.0,890.0,1250.0,3100.0
650.0,605.0,3100.0,1065.0,890.0,1250.0,3100.0
650.0,605.0,3100.0,1065.0,890.0,1250.0,3100.0
655.0,610.0,3105.0,1065.0,890.0,1250.0,3105.0
655.0,610.0,3105.0,1065.0,890.0,1250.0,3105.0
655.0,610.0,3110.0,1065.0,890.0,1250.0,3110.0
655.0,610.0,3115.0,1065.0,890.0,1250.0,3115.0
655.0,610.0,3120.0,1065.0,890.0,1250.0,3120.0
655.0,610.0,3125.0,1065.0,890.0,1250.0,3125.0
655.0,610.0,3130.0,1065.0,890.0,1250.0,3130.0
655.0,610.0,3135.0,1065.0,895.0,1250.0,3135.0
655.0,610.0,3135.0,1065.0,930.0,1250.0,3135.0
655.0,610.0,3140.0,1065.0,930.0,1250.0,3140.0
655.0,610.0,3145.0,1065.0,930.0,1250.0,3145.0
655.0,610.0,3150.0,1065.0,930.0,1250.0,3150.0
655.0,610.0,3155.0,1065.0,930.0,1250.0,3155.0
655.0,610.0,3160.0,1065.0,930.0,1250.0,3160.0
655.0,610.0,3160.0,1065.0,930.0,1250.0,3160.0
655.0,610.0,3160.0,1065.0,930.0,1250.0,3160.0
655.0,610.0,3165.0,1065.0,930.0,1250.0,3165.0
655.0,610.0,3170.0,1065.0,930.0,1250.0,3170.0
655.0,610.0,3170.0,1065.0,965.0,1250.0,3170.0
655.0,610.0,3170.0,1065.0,965.0,1250.0,3170.0
655.0,610.0,3170.0,1065.0,965.0,1250.0,3170.0
655.0,610.0,3175.0,1065.0,965.0,1250.0,3175.0
655.0,610.0,3175.0,1065.0,965.0,1250.0,3175.0
655.0,610.0,3180.0,1065.0,965.0,1250.0,3180.0
655.0,610.0,3185.0,1065.0,970.0,1250.0,3185.0
655.0,610.0,3190.0,1065.0,970.0,1250.0,3190.0
655.0,610.0,3190.0,1065.0,970.0,1250.0,3190.0
655.0,610.0,3190.0,1065.0,970.0,1250.0,3190.0
655.0,610.0,3190.0,1065.0,970.0,1250.0,3190.0
655.0,610.0,3195.0,1065.0,970.0,1250.0,3195.0
655.0,610.0,3195.0,1065.0,970.0,1250.0,3195.0
655.0,610.0,3195.0,1065.0,970.0,1285.0,3195.0
655.0,610.0,3200.0,1065.0,970.0,1285.0,3200.0
655.0,610.0,3200.0,1065.0,970.0,1285.0,3200.0
655.0,610.0,3200.0,1065.0,970.0,1285.0,3200.0
655.0,610.0,3200.0,1065.0,970.0,1285.0,3200.0
655.0,610.0,3205.0,1065.0,970.0,1285.0,3205.0
655.0,645.0,3205.0,1065.0,1005.0,1285.0,3205.0
655.0,645.0,3210.0,1065.0,1005.0,1285.0,3210.0
655.0,645.0,3210.0,1065.0,1005.0,1285.0,3210.0
655.0,645.0,3210.0,1065.0,1005.0,1285.0,3210.0
655.0,645.0,3215.0,1065.0,1005.0,1285.0,3215.0
655.0,645.0,3215.0,1065.0,1005.0,1285.0,3215.0
655.0,645.0,3215.0,1065.0,1005.0,1285.0,3215.0
655.0,645.0,3220.0,1065.0,1005.0,1285.0,3220.0
655.0,645.0,3225.0,1065.0,1005.0,1285.0,3225.0
655.0,645.0,3225.0,1065.0,1005.0,1285.0,3225.0
655.0,645.0,3225.0,1065.0,1005.0,1285.0,3225.0
655.0,645.0,3225.0,1065.0,1005.0,1285.0,3225.0
655.0,645.0,3230.0,1065.0,1005.0,1285.0,3230.0
655.0,645.0,3230.0,1065.0,1000.0,1280.0,3230.0
655.0,645.0,3235.0,1065.0,1000.0,1280.0,3235.0
655.0,645.0,3235.0,1065.0,1000.0,1280.0,3235.0
655.0,645.0,3240.0,1065.0,1000.0,1280.0,3240.0
655.0,645.0,3245.0,1065.0,1000.0,1280.0,3245.0
655.0,645.0,3245.0,1100.0,1000.0,1315.0,3245.0
655.0,645.0,3245.0,1100.0,1000.0,1315.0,3245.0
655.0,645.0,3245.0,1100.0,1000.0,1315.0,3245.0
655.0,645.0,3245.0,1100.0,1000.0,1315.0,3245.0
655.0,645.0,3245.0,1100.0,1000.0,1315.0,3245.0
655.0,645.0,3245.0,1095.0,1000.0,1315.0,3245.0
655.0,645.0,3250.0,1095.0,1000.0,1315.0,3250.0
655.0,645.0,3250.0,1095.0,1035.0,1315.0,3250.0
655.0,645.0,3250.0,1095.0,1035.0,1315.0,3250.0
655.0,645.0,3250.0,1090.0,1035.0,1315.0,3250.0
655.0,645.0,3255.0,1090.0,1035.0,1315.0,3255.0
655.0,645.0,3260.0,1090.0,1035.0,1315.0,3260.0
655.0,645.0,3260.0,1090.0,1035.0,1315.0,3260.0
655.0,645.0,3265.0,1090.0,1035.0,1315.0,3265.0
655.0,645.0,3265.0,1090.0,1035.0,1315.0,3265.0
655.0,645.0,3270.0,1090.0,1035.0,1315.0,3270.0
655.0,645.0,3270.0,1090.0,1035.0,1315.0,3270.0
655.0,645.0,3270.0,1090.0,1035.0,1315.0,3270.0
655.0,645.0,3270.0,1090.0,1035.0,1315.0,3270.0
655.0,645.0,3275.0,1090.0,1035.0,1315.0,3275.0
660.0,645.0,3280.0,1090.0,1035.0,1315.0,3280.0
660.0,645.0,3280.0,1090.0,1035.0,1315.0,3280.0
655.0,645.0,3280.0,1085.0,1035.0,1315.0,3280.0
660.0,650.0,3285.0,1085.0,1035.0,1315.0,3285.0
660.0,650.0,3285.0,1085.0,1035.0,1315.0,3285.0
660.0,650.0,3290.0,1085.0,1035.0,1315.0,3290.0
660.0,650.0,3295.0,1085.0,1035.0,1315.0,3295.0
660.0,650.0,3300.0,1085.0,1035.0,1315.0,3300.0
660.0,650.0,3300.0,1085.0,1035.0,1315.0,3300.0
660.0,650.0,3305.0,1085.0,1035.0,1315.0,3305.0
660.0,650.0,3310.0,1085.0,1035.0,1315.0,3310.0
660.0,650.0,3310.0,1085.0,1035.0,1315.0,3310.0
660.0,650.0,3315.0,1085.0,1035.0,1315.0,3315.0
660.0,650.0,3315.0,1085.0,1035.0,1315.0,3315.0
660.0,650.0,3315.0,1085.0,1035.0,1315.0,3315.0
660.0,650.0,3315.0,1085.0,1035.0,1315.0,3315.0
660.0,650.0,3320.0,1085.0,1035.0,1315.0,3320.0
660.0,650.0,3325.0,1085.0,1035.0,1315.0,3325.0
660.0,650.0,3330.0,1085.0,1035.0,1315.0,3330.0
660.0,650.0,3330.0,1120.0,1035.0,1350.0,3330.0
660.0,650.0,3335.0,1120.0,1035.0,1350.0,3335.0
660.0,650.0,3340.0,1120.0,1035.0,1350.0,3340.0
660.0,650.0,3340.0,1120.0,1030.0,1350.0,3340.0
660.0,650.0,3345.0,1120.0,1030.0,1350.0,3345.0
660.0,650.0,3350.0,1120.0,1030.0,1350.0,3350.0
660.0,650.0,3355.0,1120.0,1030.0,1350.0,3355.0
660.0,650.0,3355.0,1120.0,1030.0,1350.0,3355.0
660.0,650.0,3360.0,1120.0,1030.0,1350.0,3360.0
660.0,650.0,3365.0,1120.0,1030.0,1350.0,3365.0
660.0,650.0,3370.0,1120.0,1030.0,1350.0,3370.0
660.0,650.0,3370.0,1120.0,1030.0,1350.0,3370.0
660.0,650.0,3375.0,1120.0,1030.0,1350.0,3375.0
660.0,650.0,3375.0,1120.0,1030.0,1350.0,3375.0
665.0,655.0,3380.0,1120.0,1030.0,1350.0,3380.0
665.0,655.0,3380.0,1120.0,1030.0,1350.0,3380.0
665.0,655.0,3385.0,1120.0,1030.0,1350.0,3385.0
665.0,655.0,3390.0,1120.0,1030.0,1350.0,3390.0
665.0,655.0,3390.0,1120.0,1030.0,1350.0,3390.0
665.0,655.0,3395.0,1120.0,1030.0,1350.0,3395.0
665.0,655.0,3400.0,1120.0,1030.0,1350.0,3400.0
665.0,655.0,3400.0,1120.0,1030.0,1350.0,3400.0
665.0,655.0,3400.0,1120.0,1030.0,1350.0,3400.0
665.0,655.0,3405.0,1120.0,1030.0,1350.0,3405.0
665.0,655.0,3410.0,1120.0,1030.0,1350.0,3410.0
665.0,655.0,3415.0,1120.0,1030.0,1350.0,3415.0
665.0,655.0,3420.0,1120.0,1030.0,1350.0,3420.0
665.0,655.0,3420.0,1155.0,1030.0,1385.0,3420.0
665.0,655.0,3425.0,1155.0,1030.0,1385.0,3425.0
665.0,655.0,3425.0,1155.0,1030.0,1385.0,3425.0
665.0,655.0,3425.0,1155.0,1030.0,1385.0,3425.0
670.0,655.0,3430.0,1155.0,1030.0,1385.0,3430.0
670.0,655.0,3430.0,1155.0,1030.0,1385.0,3430.0
670.0,655.0,3430.0,1155.0,1030.0,1385.0,3430.0
670.0,655.0,3435.0,1155.0,1030.0,1385.0,3435.0
670.0,655.0,3440.0,1155.0,1030.0,1385.0,3440.0
670.0,655.0,3445.0,1155.0,1030.0,1385.0,3445.0
670.0,655.0,3445.0,1155.0,1030.0,1385.0,3445.0
670.0,655.0,3450.0,1155.0,1030.0,1385.0,3450.0
670.0,655.0,3450.0,1155.0,1030.0,1385.0,3450.0
670.0,655.0,3450.0,1155.0,1030.0,1385.0,3450.0
670.0,655.0,3455.0,1155.0,1030.0,1385.0,3455.0
670.0,655.0,3460.0,1155.0,1030.0,1385.0,3460.0
670.0,655.0,3460.0,1155.0,1030.0,1385.0,3460.0
670.0,655.0,3460.0,1155.0,1030.0,1385.0,3460.0
670.0,655.0,3460.0,1155.0,1030.0,1385.0,3460.0
670.0,655.0,3460.0,1155.0,1030.0,1385.0,3460.0
670.0,655.0,3465.0,1155.0,1030.0,1385.0,3465.0
670.0,655.0,3465.0,1155.0,1030.0,1385.0,3465.0
670.0,655.0,3470.0,1155.0,1030.0,1385.0,3470.0
670.0,655.0,3470.0,1155.0,1030.0,1385.0,3470.0
670.0,655.0,3470.0,1155.0,1025.0,1385.0,3470.0
670.0,655.0,3475.0,1155.0,1025.0,1385.0,3475.0
675.0,655.0,3480.0,1155.0,1025.0,1385.0,3480.0
675.0,655.0,3480.0,1155.0,1025.0,1420.0,3480.0
675.0,655.0,3485.0,1155.0,1025.0,1420.0,3485.0
680.0,660.0,3490.0,1155.0,1025.0,1420.0,3490.0
680.0,660.0,3490.0,1155.0,1025.0,1420.0,3490.0
680.0,660.0,3495.0,1155.0,1025.0,1420.0,3495.0
680.0,660.0,3500.0,1155.0,1025.0,1420.0,3500.0
680.0,660.0,3500.0,1155.0,1025.0,1415.0,3500.0
680.0,660.0,3505.0,1155.0,1025.0,1415.0,3505.0
680.0,660.0,3510.0,1155.0,1025.0,1415.0,3510.0
680.0,660.0,3515.0,1155.0,1025.0,1415.0,3515.0
680.0,660.0,3520.0,1155.0,1025.0,1415.0,3520.0
680.0,660.0,3520.0,1155.0,1025.0,1415.0,3520.0
680.0,660.0,3520.0,1155.0,1025.0,1415.0,3520.0
680.0,660.0,3525.0,1155.0,1025.0,1415.0,3525.0
680.0,660.0,3525.0,1155.0,1025.0,1415.0,3525.0
680.0,660.0,3525.0,1155.0,1025.0,1415.0,3525.0
680.0,660.0,3530.0,1155.0,1025.0,1415.0,3530.0
680.0,660.0,3535.0,1155.0,1025.0,1415.0,3535.0
680.0,660.0,3535.0,1155.0,1025.0,1415.0,3535.0
685.0,660.0,3540.0,1155.0,1030.0,1415.0,3540.0
685.0,660.0,3540.0,1155.0,1030.0,1415.0,3540.0
685.0,660.0,3545.0,1155.0,1030.0,1415.0,3545.0
685.0,660.0,3550.0,1155.0,1030.0,1415.0,3550.0
685.0,660.0,3550.0,1155.0,1030.0,1415.0,3550.0
685.0,660.0,3555.0,1155.0,1030.0,1415.0,3555.0
685.0,660.0,3555.0,1155.0,1030.0,1415.0,3555.0
685.0,660.0,3555.0,1155.0,1030.0,1415.0,3555.0
685.0,660.0,3555.0,1155.0,1030.0,1410.0,3555.0
685.0,660.0,3555.0,1155.0,1030.0,1410.0,3555.0
685.0,660.0,3560.0,1155.0,1030.0,1410.0,3560.0
680.0,660.0,3560.0,1150.0,1030.0,1410.0,3560.0
680.0,660.0,3565.0,1150.0,1030.0,1410.0,3565.0
680.0,660.0,3565.0,1150.0,1030.0,1410.0,3565.0
680.0,660.0,3570.0,1150.0,1030.0,1410.0,3570.0
680.0,660.0,3575.0,1150.0,1030.0,1410.0,3575.0
685.0,665.0,3580.0,1150.0,1030.0,1410.0,3580.0
685.0,665.0,3585.0,1150.0,1030.0,1410.0,3585.0
685.0,665.0,3590.0,1150.0,1030.0,1410.0,3590.0
685.0,665.0,3590.0,1150.0,1065.0,1410.0,3590.0
685.0,665.0,3595.0,1150.0,1065.0,1410.0,3595.0
685.0,665.0,3595.0,1150.0,1065.0,1410.0,3595.0
685.0,665.0,3600.0,1150.0,1065.0,1410.0,3600.0
685.0,665.0,3605.0,1150.0,1065.0,1410.0,3605.0
685.0,665.0,3610.0,1150.0,1065.0,1410.0,3610.0
685.0,665.0,3615.0,1150.0,1065.0,1410.0,3615.0
685.0,665.0,3615.0,1150.0,1065.0,1410.0,3615.0
685.0,665.0,3615.0,1150.0,1065.0,1410.0,3615.0
690.0,665.0,3620.0,1155.0,1070.0,1415.0,3620.0
690.0,665.0,3625.0,1155.0,1070.0,1415.0,3625.0
690.0,665.0,3625.0,1155.0,1070.0,1415.0,3625.0
690.0,665.0,3625.0,1155.0,1070.0,1415.0,3625.0
690.0,665.0,3625.0,1155.0,1070.0,1415.0,3625.0
690.0,665.0,3630.0,1155.0,1070.0,1415.0,3630.0
690.0,665.0,3630.0,1155.0,1070.0,1415.0,3630.0
690.0,665.0,3630.0,1155.0,1070.0,1415.0,3630.0
690.0,665.0,3635.0,1155.0,1070.0,1415.0,3635.0
690.0,665.0,3640.0,1155.0,1070.0,1415.0,3640.0
690.0,665.0,3645.0,1155.0,1070.0,1415.0,3645.0
690.0,665.0,3645.0,1155.0,1070.0,1415.0,3645.0
690.0,665.0,3650.0,1155.0,1070.0,1415.0,3650.0
690.0,665.0,3650.0,1155.0,1070.0,1415.0,3650.0
690.0,665.0,3650.0,1155.0,1070.0,1415.0,3650.0
690.0,665.0,3655.0,1155.0,1070.0,1415.0,3655.0
690.0,665.0,3655.0,1155.0,1070.0,1415.0,3655.0
690.0,665.0,3655.0,1155.0,1070.0,1415.0,3655.0
690.0,665.0,3660.0,1155.0,1070.0,1415.0,3660.0
690.0,665.0,3660.0,1155.0,1070.0,1415.0,3660.0
690.0,665.0,3660.0,1155.0,1070.0,1410.0,3660.0
690.0,665.0,3660.0,1155.0,1070.0,1410.0,3660.0
690.0,665.0,3665.0,1155.0,1070.0,1410.0,3665.0
690.0,665.0,3670.0,1155.0,1070.0,1410.0,3670.0
690.0,665.0,3675.0,1155.0,1070.0,1410.0,3675.0
695.0,665.0,3680.0,1155.0,1070.0,1410.0,3680.0
695.0,665.0,3680.0,1155.0,1070.0,1445.0,3680.0
695.0,665.0,3685.0,1155.0,1070.0,1445.0,3685.0
695.0,665.0,3690.0,1155.0,1070.0,1445.0,3690.0
700.0,670.0,3695.0,1155.0,1070.0,1445.0,3695.0
705.0,670.0,3700.0,1155.0,1070.0,1445.0,3700.0
705.0,670.0,3705.0,1155.0,1070.0,1445.0,3705.0
705.0,670.0,3710.0,1155.0,1070.0,1445.0,3710.0
705.0,670.0,3715.0,1155.0,1070.0,1445.0,3715.0
705.0,670.0,3720.0,1155.0,1070.0,1445.0,3720.0
705.0,670.0,3725.0,1155.0,1070.0,1445.0,3725.0
705.0,670.0,3725.0,1155.0,1070.0,1445.0,3725.0
705.0,670.0,3725.0,1155.0,1070.0,1445.0,3725.0
710.0,670.0,3730.0,1155.0,1070.0,1445.0,3730.0
710.0,670.0,3730.0,1155.0,1105.0,1445.0,3730.0
710.0,670.0,3735.0,1155.0,1105.0,1445.0,3735.0
710.0,670.0,3740.0,1155.0,1105.0,1445.0,3740.0
710.0,670.0,3740.0,1155.0,1105.0,1445.0,3740.0
710.0,670.0,3745.0,1160.0,1105.0,1445.0,3745.0
710.0,670.0,3745.0,1195.0,1105.0,1445.0,3745.0
710.0,670.0,3745.0,1230.0,1105.0,1445.0,3745.0
710.0,670.0,3745.0,1230.0,1105.0,1445.0,3745.0
710.0,670.0,3750.0,1230.0,1105.0,1445.0,3750.0
710.0,670.0,3750.0,1230.0,1105.0,1480.0,3750.0
710.0,670.0,3755.0,1230.0,1105.0,1480.0,3755.0
710.0,670.0,3760.0,1230.0,1105.0,1480.0,3760.0
710.0,670.0,3760.0,1230.0,1105.0,1480.0,3760.0
710.0,670.0,3765.0,1230.0,1105.0,1480.0,3765.0
710.0,670.0,3765.0,1230.0,1105.0,1515.0,3765.0
710.0,670.0,3770.0,1230.0,1105.0,1515.0,3770.0
710.0,670.0,3770.0,1230.0,1105.0,1515.0,3770.0
710.0,670.0,3770.0,1230.0,1105.0,1515.0,3770.0
710.0,670.0,3775.0,1230.0,1105.0,1515.0,3775.0
710.0,670.0,3780.0,1230.0,1105.0,1515.0,3780.0
710.0,670.0,3785.0,1230.0,1105.0,1515.0,3785.0
710.0,670.0,3790.0,1230.0,1105.0,1515.0,3790.0
710.0,670.0,3790.0,1230.0,1105.0,1515.0,3790.0
710.0,670.0,3790.0,1230.0,1105.0,1515.0,3790.0
710.0,670.0,3795.0,1230.0,1105.0,1515.0,3795.0
710.0,670.0,3800.0,1230.0,1105.0,1515.0,3800.0
710.0,670.0,3805.0,1230.0,1105.0,1515.0,3805.0
710.0,670.0,3810.0,1230.0,1105.0,1515.0,3810.0
710.0,670.0,3810.0,1225.0,1105.0,1515.0,3810.0
710.0,670.0,3810.0,1225.0,1105.0,1515.0,3810.0
710.0,670.0,3810.0,1225.0,1105.0,1515.0,3810.0
710.0,670.0,3815.0,1225.0,1105.0,1515.0,3815.0
710.0,670.0,3815.0,1225.0,1105.0,1515.0,3815.0
710.0,670.0,3815.0,1225.0,1105.0,1550.0,3815.0
710.0,670.0,3815.0,1225.0,1105.0,1550.0,3815.0
710.0,670.0,3815.0,1225.0,1105.0,1550.0,3815.0
710.0,670.0,3820.0,1225.0,1105.0,1550.0,3820.0
710.0,670.0,3820.0,1225.0,1105.0,1550.0,3820.0
710.0,670.0,3825.0,1225.0,1105.0,1550.0,3825.0
710.0,670.0,3830.0,1225.0,1110.0,1550.0,3830.0
715.0,675.0,3835.0,1225.0,1110.0,1550.0,3835.0
715.0,675.0,3835.0,1225.0,1110.0,1550.0,3835.0
715.0,675.0,3835.0,1225.0,1110.0,1550.0,3835.0
715.0,675.0,3835.0,1225.0,1110.0,1550.0,3835.0
715.0,675.0,3835.0,1225.0,1110.0,1550.0,3835.0
715.0,675.0,3840.0,1225.0,1115.0,1550.0,3840.0
715.0,675.0,3840.0,1225.0,1115.0,1550.0,3840.0
715.0,675.0,3845.0,1225.0,1115.0,1550.0,3845.0
715.0,675.0,3850.0,1225.0,1115.0,1550.0,3850.0
715.0,675.0,3855.0,1225.0,1115.0,1550.0,3855.0
715.0,675.0,3855.0,1225.0,1115.0,1550.0,3855.0
715.0,675.0,3860.0,1225.0,1115.0,1550.0,3860.0
720.0,680.0,3865.0,1225.0,1115.0,1550.0,3865.0
720.0,680.0,3870.0,1225.0,1115.0,1550.0,3870.0
720.0,680.0,3870.0,1225.0,1115.0,1550.0,3870.0
720.0,680.0,3870.0,1225.0,1115.0,1550.0,3870.0
720.0,680.0,3875.0,1225.0,1115.0,1550.0,3875.0
720.0,680.0,3880.0,1225.0,1115.0,1550.0,3880.0
720.0,680.0,3880.0,1225.0,1115.0,1550.0,3880.0
720.0,680.0,3880.0,1225.0,1115.0,1550.0,3880.0
720.0,680.0,3880.0,1225.0,1115.0,1550.0,3880.0
720.0,680.0,3885.0,1225.0,1115.0,1550.0,3885.0
720.0,680.0,3890.0,1225.0,1115.0,1550.0,3890.0
720.0,680.0,3890.0,1225.0,1115.0,1550.0,3890.0
720.0,680.0,3890.0,1225.0,1115.0,1550.0,3890.0
720.0,680.0,3895.0,1225.0,1115.0,1550.0,3895.0
720.0,680.0,3895.0,1225.0,1115.0,1550.0,3895.0
720.0,680.0,3895.0,1225.0,1115.0,1550.0,3895.0
720.0,680.0,3900.0,1225.0,1115.0,1550.0,3900.0
720.0,680.0,3905.0,1225.0,1115.0,1555.0,3905.0
720.0,680.0,3905.0,1225.0,1115.0,1555.0,3905.0
720.0,680.0,3910.0,1225.0,1115.0,1555.0,3910.0
720.0,680.0,3910.0,1225.0,1115.0,1555.0,3910.0
720.0,680.0,3915.0,1225.0,1115.0,1555.0,3915.0
720.0,680.0,3920.0,1225.0,1115.0,1555.0,3920.0
720.0,680.0,3925.0,1225.0,1115.0,1555.0,3925.0
720.0,680.0,3925.0,1225.0,1115.0,1555.0,3925.0
720.0,680.0,3925.0,1220.0,1110.0,1555.0,3925.0
720.0,680.0,3930.0,1220.0,1110.0,1555.0,3930.0
720.0,680.0,3935.0,1220.0,1110.0,1555.0,3935.0
720.0,680.0,3940.0,1220.0,1110.0,1555.0,3940.0
720.0,680.0,3945.0,1220.0,1110.0,1555.0,3945.0
720.0,680.0,3950.0,1220.0,1110.0,1555.0,3950.0
725.0,685.0,3955.0,1220.0,1110.0,1555.0,3955.0
725.0,685.0,3955.0,1220.0,1110.0,1555.0,3955.0
725.0,685.0,3960.0,1220.0,1110.0,1555.0,3960.0
725.0,685.0,3965.0,1220.0,1110.0,1555.0,3965.0
725.0,685.0,3965.0,1220.0,1110.0,1555.0,3965.0
725.0,685.0,3965.0,1220.0,1110.0,1555.0,3965.0
725.0,685.0,3965.0,1220.0,1110.0,1555.0,3965.0
725.0,685.0,3970.0,1220.0,1110.0,1555.0,3970.0
725.0,685.0,3975.0,1220.0,1110.0,1555.0,3975.0
725.0,685.0,3980.0,1220.0,1110.0,1555.0,3980.0
725.0,685.0,3985.0,1220.0,1110.0,1555.0,3985.0
725.0,685.0,3990.0,1220.0,1110.0,1555.0,3990.0
725.0,685.0,3995.0,1220.0,1110.0,1555.0,3995.0
725.0,685.0,3995.0,1220.0,1110.0,1555.0,3995.0
725.0,685.0,4000.0,1220.0,1110.0,1555.0,4000.0
725.0,685.0,4005.0,1220.0,1110.0,1555.0,4005.0
725.0,685.0,4010.0,1220.0,1110.0,1555.0,4010.0
725.0,685.0,4015.0,1220.0,1110.0,1555.0,4015.0
725.0,685.0,4015.0,1220.0,1110.0,1555.0,4015.0
725.0,685.0,4020.0,1220.0,1110.0,1555.0,4020.0
725.0,685.0,4025.0,1220.0,1110.0,1555.0,4025.0
725.0,685.0,4025.0,1220.0,1110.0,1550.0,4025.0
725.0,685.0,4025.0,1220.0,1110.0,1550.0,4025.0
725.0,685.0,4030.0,1220.0,1110.0,1550.0,4030.0
725.0,685.0,4030.0,1220.0,1110.0,1585.0,4030.0
725.0,685.0,4030.0,1220.0,1110.0,1585.0,4030.0
725.0,685.0,4030.0,1220.0,1110.0,1580.0,4030.0
725.0,685.0,4035.0,1220.0,1110.0,1580.0,4035.0
725.0,685.0,4040.0,1225.0,1110.0,1580.0,4040.0
725.0,685.0,4045.0,1225.0,1110.0,1580.0,4045.0
725.0,685.0,4045.0,1225.0,1110.0,1580.0,4045.0
725.0,685.0,4050.0,1225.0,1110.0,1580.0,4050.0
725.0,685.0,4050.0,1225.0,1110.0,1580.0,4050.0
725.0,685.0,4050.0,1225.0,1110.0,1580.0,4050.0
725.0,685.0,4055.0,1225.0,1110.0,1580.0,4055.0
725.0,685.0,4055.0,1225.0,1110.0,1580.0,4055.0
725.0,685.0,4060.0,1225.0,1110.0,1580.0,4060.0
725.0,685.0,4060.0,1225.0,1110.0,1580.0,4060.0
725.0,685.0,4060.0,1225.0,1110.0,1580.0,4060.0
725.0,685.0,4060.0,1225.0,1110.0,1575.0,4060.0
725.0,685.0,4065.0,1225.0,1110.0,1575.0,4065.0
725.0,685.0,4065.0,1225.0,1110.0,1570.0,4065.0
725.0,685.0,4065.0,1225.0,1110.0,1570.0,4065.0
725.0,685.0,4070.0,1225.0,1110.0,1570.0,4070.0
725.0,685.0,4070.0,1225.0,1110.0,1570.0,4070.0
725.0,685.0,4070.0,1225.0,1110.0,1570.0,4070.0
725.0,685.0,4070.0,1225.0,1110.0,1570.0,4070.0
725.0,685.0,4075.0,1225.0,1110.0,1570.0,4075.0
725.0,685.0,4075.0,1225.0,1110.0,1570.0,4075.0
725.0,685.0,4080.0,1225.0,1110.0,1570.0,4080.0
725.0,685.0,4080.0,1225.0,1145.0,1570.0,4080.0
725.0,685.0,4080.0,1225.0,1145.0,1570.0,4080.0
725.0,685.0,4080.0,1225.0,1145.0,1570.0,4080.0
725.0,685.0,4085.0,1225.0,1145.0,1570.0,4085.0
725.0,685.0,4085.0,1225.0,1145.0,1570.0,4085.0
725.0,685.0,4085.0,1225.0,1180.0,1570.0,4085.0
725.0,685.0,4085.0,1225.0,1180.0,1570.0,4085.0
725.0,685.0,4090.0,1225.0,1180.0,1570.0,4090.0
725.0,685.0,4095.0,1225.0,1180.0,1570.0,4095.0
725.0,685.0,4095.0,1225.0,1215.0,1570.0,4095.0
725.0,690.0,4100.0,1230.0,1220.0,1570.0,4100.0
725.0,690.0,4100.0,1230.0,1220.0,1570.0,4100.0
725.0,690.0,4105.0,1230.0,1220.0,1570.0,4105.0
725.0,690.0,4105.0,1230.0,1220.0,1570.0,4105.0
725.0,690.0,4110.0,1230.0,1220.0,1570.0,4110.0
730.0,695.0,4115.0,1230.0,1220.0,1570.0,4115.0
730.0,695.0,4120.0,1230.0,1220.0,1570.0,4120.0
730.0,695.0,4125.0,1230.0,1220.0,1570.0,4125.0
730.0,695.0,4125.0,1265.0,1220.0,1570.0,4125.0
730.0,695.0,4125.0,1265.0,1215.0,1570.0,4125.0
730.0,695.0,4125.0,1265.0,1215.0,1570.0,4125.0
730.0,695.0,4130.0,1265.0,1215.0,1570.0,4130.0
730.0,695.0,4130.0,1265.0,1215.0,1570.0,4130.0
730.0,695.0,4130.0,1265.0,1215.0,1565.0,4130.0
730.0,695.0,4135.0,1265.0,1215.0,1565.0,4135.0
730.0,695.0,4140.0,1265.0,1215.0,1565.0,4140.0
730.0,695.0,4140.0,1265.0,1215.0,1565.0,4140.0
730.0,695.0,4140.0,1265.0,1215.0,1565.0,4140.0
730.0,695.0,4140.0,1265.0,1215.0,1565.0,4140.0
730.0,695.0,4140.0,1300.0,1215.0,1565.0,4140.0
730.0,695.0,4140.0,1300.0,1215.0,1565.0,4140.0
730.0,695.0,4140.0,1300.0,1215.0,1565.0,4140.0
730.0,695.0,4140.0,1300.0,1215.0,1560.0,4140.0
730.0,695.0,4140.0,1300.0,1215.0,1560.0,4140.0
730.0,695.0,4145.0,1300.0,1220.0,1560.0,4145.0
730.0,695.0,4145.0,1300.0,1220.0,1560.0,4145.0
730.0,695.0,4150.0,1300.0,1220.0,1560.0,4150.0
730.0,695.0,4155.0,1300.0,1220.0,1560.0,4155.0
730.0,695.0,4155.0,1300.0,1220.0,1560.0,4155.0
730.0,695.0,4160.0,1305.0,1225.0,1560.0,4160.0
730.0,695.0,4165.0,1305.0,1225.0,1560.0,4165.0
730.0,695.0,4165.0,1305.0,1225.0,1555.0,4165.0
730.0,695.0,4165.0,1305.0,1225.0,1555.0,4165.0
730.0,695.0,4165.0,1305.0,1225.0,1555.0,4165.0
730.0,695.0,4170.0,1305.0,1225.0,1555.0,4170.0
735.0,695.0,4175.0,1305.0,1225.0,1555.0,4175.0
735.0,695.0,4175.0,1305.0,1225.0,1555.0,4175.0
735.0,695.0,4175.0,1305.0,1225.0,1555.0,4175.0
735.0,695.0,4175.0,1305.0,1225.0,1555.0,4175.0
735.0,695.0,4175.0,1305.0,1225.0,1555.0,4175.0
735.0,700.0,4180.0,1310.0,1230.0,1555.0,4180.0
735.0,700.0,4180.0,1310.0,1230.0,1555.0,4180.0
735.0,700.0,4185.0,1310.0,1235.0,1555.0,4185.0
735.0,700.0,4185.0,1310.0,1235.0,1555.0,4185.0
735.0,700.0,4185.0,1310.0,1235.0,1555.0,4185.0
735.0,700.0,4185.0,1310.0,1235.0,1555.0,4185.0
735.0,700.0,4185.0,1310.0,1235.0,1555.0,4185.0
735.0,700.0,4185.0,1310.0,1235.0,1555.0,4185.0
735.0,700.0,4185.0,1310.0,1235.0,1555.0,4185.0
735.0,700.0,4190.0,1310.0,1235.0,1555.0,4190.0
735.0,700.0,4190.0,1310.0,1235.0,1555.0,4190.0
735.0,700.0,4195.0,1310.0,1235.0,1555.0,4195.0
735.0,700.0,4200.0,1310.0,1235.0,1555.0,4200.0
735.0,700.0,4205.0,1310.0,1235.0,1555.0,4205.0
735.0,700.0,4205.0,1310.0,1235.0,1555.0,4205.0
735.0,700.0,4210.0,1310.0,1235.0,1555.0,4210.0
735.0,700.0,4215.0,1310.0,1235.0,1555.0,4215.0
735.0,700.0,4215.0,1310.0,1235.0,1590.0,4215.0
735.0,700.0,4220.0,1310.0,1235.0,1590.0,4220.0
735.0,700.0,4220.0,1310.0,1235.0,1590.0,4220.0
735.0,700.0,4220.0,1310.0,1235.0,1590.0,4220.0
735.0,700.0,4220.0,1310.0,1235.0,1590.0,4220.0
735.0,700.0,4220.0,1310.0,1235.0,1585.0,4220.0
735.0,700.0,4220.0,1310.0,1235.0,1585.0,4220.0
735.0,700.0,4220.0,1310.0,1235.0,1580.0,4220.0
735.0,700.0,4220.0,1310.0,1235.0,1580.0,4220.0
735.0,700.0,4225.0,1315.0,1235.0,1580.0,4225.0
735.0,700.0,4225.0,1315.0,1235.0,1580.0,4225.0
735.0,700.0,4225.0,1315.0,1235.0,1580.0,4225.0
735.0,700.0,4225.0,1315.0,1235.0,1580.0,4225.0
735.0,700.0,4225.0,1315.0,1235.0,1580.0,4225.0
740.0,705.0,4230.0,1315.0,1235.0,1580.0,4230.0
740.0,705.0,4230.0,1315.0,1235.0,1580.0,4230.0
740.0,705.0,4230.0,1315.0,1235.0,1580.0,4230.0
740.0,705.0,4230.0,1315.0,1235.0,1580.0,4230.0
740.0,705.0,4235.0,1315.0,1235.0,1580.0,4235.0
740.0,705.0,4240.0,1315.0,1235.0,1580.0,4240.0
740.0,705.0,4245.0,1315.0,1235.0,1580.0,4245.0
740.0,705.0,4245.0,1315.0,1235.0,1575.0,4245.0
740.0,705.0,4245.0,1315.0,1235.0,1575.0,4245.0
740.0,705.0,4245.0,1315.0,1235.0,1575.0,4245.0
740.0,705.0,4250.0,1315.0,1235.0,1575.0,4250.0
740.0,705.0,4255.0,1315.0,1235.0,1575.0,4255.0
740.0,705.0,4260.0,1315.0,1235.0,1575.0,4260.0
740.0,705.0,4260.0,1315.0,1235.0,1575.0,4260.0
745.0,710.0,4265.0,1315.0,1235.0,1575.0,4265.0
745.0,710.0,4270.0,1315.0,1235.0,1575.0,4270.0
750.0,710.0,4275.0,1315.0,1235.0,1575.0,4275.0
750.0,710.0,4275.0,1315.0,1235.0,1575.0,4275.0
750.0,710.0,4275.0,1315.0,1235.0,1575.0,4275.0
750.0,710.0,4275.0,1315.0,1235.0,1575.0,4275.0
750.0,710.0,4280.0,1315.0,1235.0,1575.0,4280.0
750.0,710.0,4280.0,1315.0,1235.0,1575.0,4280.0
750.0,710.0,4280.0,1315.0,1235.0,1575.0,4280.0
750.0,710.0,4280.0,1315.0,1235.0,1575.0,4280.0
750.0,710.0,4280.0,1315.0,1235.0,1575.0,4280.0
750.0,710.0,4285.0,1315.0,1235.0,1575.0,4285.0
750.0,710.0,4285.0,1315.0,1235.0,1575.0,4285.0
750.0,710.0,4290.0,1315.0,1235.0,1575.0,4290.0
750.0,710.0,4290.0,1315.0,1235.0,1575.0,4290.0
750.0,710.0,4295.0,1315.0,1235.0,1575.0,4295.0
750.0,710.0,4295.0,1315.0,1235.0,1575.0,4295.0
750.0,710.0,4300.0,1315.0,1235.0,1575.0,4300.0
750.0,710.0,4305.0,1315.0,1235.0,1575.0,4305.0
750.0,710.0,4310.0,1315.0,1235.0,1575.0,4310.0
750.0,710.0,4315.0,1315.0,1235.0,1575.0,4315.0
750.0,710.0,4315.0,1315.0,1235.0,1575.0,4315.0
750.0,710.0,4320.0,1315.0,1235.0,1575.0,4320.0
750.0,710.0,4320.0,1315.0,1235.0,1575.0,4320.0
750.0,710.0,4325.0,1315.0,1235.0,1575.0,4325.0
750.0,710.0,4325.0,1315.0,1235.0,1575.0,4325.0
750.0,710.0,4325.0,1315.0,1235.0,1575.0,4325.0
750.0,710.0,4325.0,1315.0,1270.0,1575.0,4325.0
750.0,710.0,4330.0,1315.0,1270.0,1575.0,4330.0
755.0,710.0,4335.0,1315.0,1275.0,1575.0,4335.0
755.0,710.0,4335.0,1315.0,1270.0,1575.0,4335.0
755.0,710.0,4340.0,1315.0,1270.0,1575.0,4340.0
755.0,710.0,4345.0,1315.0,1270.0,1575.0,4345.0
755.0,710.0,4345.0,1315.0,1270.0,1575.0,4345.0
755.0,710.0,4350.0,1315.0,1270.0,1575.0,4350.0
755.0,710.0,4355.0,1315.0,1270.0,1575.0,4355.0
755.0,710.0,4360.0,1315.0,1270.0,1575.0,4360.0
755.0,710.0,4360.0,1315.0,1270.0,1575.0,4360.0
755.0,710.0,4360.0,1315.0,1270.0,1575.0,4360.0
755.0,710.0,4360.0,1315.0,1270.0,1575.0,4360.0
755.0,710.0,4365.0,1315.0,1270.0,1575.0,4365.0
755.0,710.0,4370.0,1315.0,1270.0,1575.0,4370.0
755.0,710.0,4370.0,1315.0,1270.0,1575.0,4370.0
755.0,710.0,4370.0,1315.0,1270.0,1575.0,4370.0
755.0,705.0,4370.0,1315.0,1270.0,1575.0,4370.0
755.0,705.0,4370.0,1315.0,1270.0,1575.0,4370.0
755.0,705.0,4375.0,1315.0,1270.0,1575.0,4375.0
755.0,705.0,4375.0,1315.0,1270.0,1575.0,4375.0
755.0,705.0,4375.0,1315.0,1270.0,1575.0,4375.0
755.0,705.0,4380.0,1315.0,1270.0,1575.0,4380.0
755.0,705.0,4380.0,1315.0,1270.0,1575.0,4380.0
760.0,710.0,4385.0,1315.0,1270.0,1575.0,4385.0
760.0,710.0,4385.0,1315.0,1270.0,1575.0,4385.0
760.0,710.0,4385.0,1315.0,1270.0,1570.0,4385.0
760.0,710.0,4390.0,1315.0,1270.0,1570.0,4390.0
760.0,710.0,4395.0,1315.0,1270.0,1570.0,4395.0
760.0,710.0,4400.0,1315.0,1270.0,1570.0,4400.0
760.0,710.0,4400.0,1350.0,1270.0,1570.0,4400.0
760.0,710.0,4400.0,1350.0,1270.0,1570.0,4400.0
760.0,710.0,4400.0,1350.0,1270.0,1570.0,4400.0
760.0,710.0,4405.0,1350.0,1270.0,1570.0,4405.0
760.0,710.0,4405.0,1350.0,1270.0,1570.0,4405.0
760.0,710.0,4410.0,1350.0,1270.0,1570.0,4410.0
760.0,710.0,4415.0,1350.0,1270.0,1570.0,4415.0
760.0,710.0,4420.0,1350.0,1270.0,1570.0,4420.0
760.0,710.0,4420.0,1350.0,1270.0,1570.0,4420.0
760.0,710.0,4425.0,1350.0,1270.0,1570.0,4425.0
765.0,710.0,4430.0,1350.0,1270.0,1570.0,4430.0
765.0,710.0,4430.0,1350.0,1270.0,1570.0,4430.0
765.0,710.0,4435.0,1350.0,1275.0,1575.0,4435.0
765.0,710.0,4435.0,1350.0,1275.0,1575.0,4435.0
765.0,710.0,4440.0,1350.0,1275.0,1575.0,4440.0
765.0,710.0,4440.0,1350.0,1275.0,1575.0,4440.0
765.0,710.0,4445.0,1350.0,1275.0,1575.0,4445.0
765.0,710.0,4450.0,1350.0,1275.0,1575.0,4450.0
765.0,710.0,4455.0,1350.0,1275.0,1575.0,4455.0
765.0,710.0,4460.0,1350.0,1275.0,1575.0,4460.0
765.0,710.0,4460.0,1350.0,1275.0,1575.0,4460.0
765.0,710.0,4460.0,1350.0,1275.0,1610.0,4460.0
765.0,710.0,4460.0,1350.0,1275.0,1610.0,4460.0
765.0,710.0,4460.0,1350.0,1275.0,1610.0,4460.0
765.0,710.0,4460.0,1350.0,1275.0,1610.0,4460.0
765.0,710.0,4465.0,1350.0,1275.0,1610.0,4465.0
765.0,710.0,4465.0,1350.0,1275.0,1610.0,4465.0
765.0,710.0,4470.0,1350.0,1275.0,1610.0,4470.0
765.0,710.0,4475.0,1350.0,1275.0,1610.0,4475.0
765.0,710.0,4475.0,1350.0,1275.0,1610.0,4475.0
765.0,710.0,4480.0,1350.0,1275.0,1610.0,4480.0
770.0,710.0,4485.0,1350.0,1275.0,1610.0,4485.0
770.0,710.0,4490.0,1350.0,1275.0,1610.0,4490.0
770.0,710.0,4495.0,1350.0,1275.0,1610.0,4495.0
770.0,710.0,4495.0,1350.0,1275.0,1610.0,4495.0
770.0,710.0,4495.0,1350.0,1275.0,1610.0,4495.0
770.0,710.0,4500.0,1350.0,1275.0,1610.0,4500.0
770.0,710.0,4500.0,1350.0,1275.0,1645.0,4500.0
770.0,710.0,4505.0,1350.0,1275.0,1645.0,4505.0
770.0,710.0,4505.0,1350.0,1275.0,1640.0,4505.0
770.0,710.0,4505.0,1345.0,1275.0,1640.0,4505.0
770.0,710.0,4510.0,1345.0,1275.0,1640.0,4510.0
770.0,710.0,4515.0,1345.0,1275.0,1640.0,4515.0
770.0,710.0,4515.0,1345.0,1275.0,1640.0,4515.0
770.0,710.0,4520.0,1345.0,1275.0,1640.0,4520.0
770.0,710.0,4520.0,1345.0,1275.0,1640.0,4520.0
770.0,710.0,4520.0,1345.0,1270.0,1640.0,4520.0
770.0,710.0,4525.0,1345.0,1270.0,1640.0,4525.0
770.0,710.0,4530.0,1345.0,1270.0,1640.0,4530.0
770.0,710.0,4530.0,1340.0,1270.0,1640.0,4530.0
770.0,710.0,4530.0,1340.0,1270.0,1640.0,4530.0
770.0,710.0,4535.0,1340.0,1270.0,1640.0,4535.0
770.0,710.0,4540.0,1340.0,1270.0,1640.0,4540.0
770.0,710.0,4545.0,1340.0,1270.0,1640.0,4545.0
770.0,710.0,4545.0,1340.0,1270.0,1640.0,4545.0
770.0,710.0,4550.0,1340.0,1270.0,1640.0,4550.0
770.0,710.0,4555.0,1340.0,1270.0,1640.0,4555.0
770.0,710.0,4555.0,1340.0,1270.0,1640.0,4555.0
770.0,715.0,4560.0,1345.0,1275.0,1640.0,4560.0
770.0,710.0,4560.0,1345.0,1275.0,1640.0,4560.0
770.0,710.0,4565.0,1345.0,1275.0,1640.0,4565.0
770.0,710.0,4570.0,1345.0,1275.0,1640.0,4570.0
770.0,710.0,4575.0,1345.0,1275.0,1640.0,4575.0
770.0,710.0,4575.0,1345.0,1275.0,1640.0,4575.0
770.0,705.0,4575.0,1345.0,1275.0,1640.0,4575.0
770.0,705.0,4580.0,1345.0,1275.0,1640.0,4580.0
775.0,705.0,4585.0,1345.0,1280.0,1640.0,4585.0
775.0,710.0,4590.0,1350.0,1285.0,1640.0,4590.0
775.0,710.0,4590.0,1385.0,1285.0,1640.0,4590.0
775.0,710.0,4590.0,1385.0,1285.0,1640.0,4590.0
775.0,715.0,4595.0,1385.0,1285.0,1640.0,4595.0
775.0,715.0,4600.0,1385.0,1285.0,1640.0,4600.0
775.0,715.0,4600.0,1385.0,1285.0,1640.0,4600.0
775.0,715.0,4605.0,1385.0,1285.0,1640.0,4605.0
775.0,715.0,4610.0,1385.0,1285.0,1640.0,4610.0
775.0,715.0,4610.0,1385.0,1285.0,1640.0,4610.0
775.0,715.0,4610.0,1385.0,1285.0,1640.0,4610.0
775.0,715.0,4610.0,1385.0,1285.0,1675.0,4610.0
775.0,715.0,4610.0,1385.0,1285.0,1675.0,4610.0
775.0,715.0,4615.0,1385.0,1285.0,1675.0,4615.0
775.0,715.0,4620.0,1385.0,1285.0,1675.0,4620.0
775.0,715.0,4620.0,1385.0,1285.0,1670.0,4620.0
775.0,715.0,4620.0,1385.0,1285.0,1670.0,4620.0
775.0,715.0,4620.0,1385.0,1285.0,1670.0,4620.0
775.0,715.0,4625.0,1385.0,1285.0,1670.0,4625.0
775.0,715.0,4630.0,1385.0,1285.0,1670.0,4630.0
775.0,715.0,4635.0,1385.0,1285.0,1670.0,4635.0
775.0,715.0,4640.0,1385.0,1290.0,1670.0,4640.0
775.0,715.0,4640.0,1385.0,1290.0,1670.0,4640.0
775.0,715.0,4640.0,1385.0,1290.0,1670.0,4640.0
775.0,715.0,4640.0,1385.0,1290.0,1670.0,4640.0
775.0,715.0,4645.0,1385.0,1290.0,1670.0,4645.0
775.0,715.0,4645.0,1385.0,1290.0,1670.0,4645.0
775.0,715.0,4650.0,1385.0,1290.0,1670.0,4650.0
775.0,715.0,4650.0,1385.0,1290.0,1670.0,4650.0
775.0,715.0,4650.0,1385.0,1290.0,1670.0,4650.0
775.0,715.0,4650.0,1385.0,1290.0,1670.0,4650.0
775.0,715.0,4650.0,1385.0,1290.0,1670.0,4650.0
775.0,715.0,4650.0,1385.0,1290.0,1670.0,4650.0
775.0,715.0,4655.0,1385.0,1290.0,1670.0,4655.0
775.0,715.0,4660.0,1385.0,1290.0,1670.0,4660.0
775.0,715.0,4660.0,1385.0,1290.0,1670.0,4660.0
775.0,715.0,4660.0,1385.0,1290.0,1670.0,4660.0
775.0,715.0,4660.0,1385.0,1290.0,1670.0,4660.0
775.0,715.0,4665.0,1385.0,1290.0,1670.0,4665.0
775.0,715.0,4670.0,1385.0,1290.0,1670.0,4670.0
775.0,715.0,4675.0,1385.0,1290.0,1670.0,4675.0
775.0,715.0,4680.0,1385.0,1290.0,1670.0,4680.0
775.0,715.0,4685.0,1385.0,1290.0,1670.0,4685.0
775.0,715.0,4685.0,1385.0,1290.0,1670.0,4685.0
775.0,715.0,4690.0,1385.0,1290.0,1670.0,4690.0
775.0,715.0,4695.0,1385.0,1290.0,1670.0,4695.0
775.0,715.0,4700.0,1385.0,1290.0,1670.0,4700.0
775.0,715.0,4700.0,1385.0,1290.0,1670.0,4700.0
775.0,715.0,4700.0,1385.0,1290.0,1670.0,4700.0
775.0,715.0,4700.0,1385.0,1290.0,1665.0,4700.0
775.0,715.0,4700.0,1385.0,1290.0,1665.0,4700.0
775.0,715.0,4705.0,1385.0,1290.0,1665.0,4705.0
775.0,715.0,4705.0,1385.0,1290.0,1665.0,4705.0
775.0,715.0,4710.0,1385.0,1290.0,1665.0,4710.0
775.0,715.0,4715.0,1385.0,1290.0,1665.0,4715.0
775.0,715.0,4715.0,1385.0,1290.0,1665.0,4715.0
775.0,715.0,4715.0,1385.0,1290.0,1665.0,4715.0
775.0,715.0,4720.0,1385.0,1290.0,1665.0,4720.0
775.0,715.0,4720.0,1385.0,1290.0,1665.0,4720.0
775.0,715.0,4720.0,1385.0,1290.0,1700.0,4720.0
775.0,715.0,4725.0,1385.0,1290.0,1700.0,4725.0
775.0,715.0,4730.0,1385.0,1290.0,1700.0,4730.0
775.0,715.0,4730.0,1385.0,1290.0,1700.0,4730.0
775.0,715.0,4730.0,1385.0,1290.0,1700.0,4730.0
775.0,715.0,4730.0,1385.0,1290.0,1695.0,4730.0
775.0,715.0,4735.0,1385.0,1290.0,1695.0,4735.0
775.0,715.0,4735.0,1385.0,1290.0,1695.0,4735.0
775.0,715.0,4740.0,1385.0,1290.0,1695.0,4740.0
775.0,715.0,4740.0,1385.0,1290.0,1695.0,4740.0
775.0,715.0,4745.0,1385.0,1290.0,1695.0,4745.0
775.0,715.0,4745.0,1385.0,1290.0,1695.0,4745.0
775.0,715.0,4750.0,1385.0,1290.0,1695.0,4750.0
775.0,715.0,4750.0,1385.0,1290.0,1695.0,4750.0
775.0,715.0,4750.0,1385.0,1290.0,1695.0,4750.0
775.0,715.0,4755.0,1385.0,1290.0,1695.0,4755.0
775.0,715.0,4760.0,1385.0,1290.0,1695.0,4760.0
775.0,715.0,4765.0,1385.0,1290.0,1695.0,4765.0
775.0,715.0,4765.0,1385.0,1290.0,1695.0,4765.0
775.0,715.0,4770.0,1390.0,1290.0,1695.0,4770.0
775.0,715.0,4775.0,1390.0,1290.0,1695.0,4775.0
775.0,715.0,4775.0,1425.0,1290.0,1695.0,4775.0
775.0,715.0,4775.0,1425.0,1290.0,1695.0,4775.0
775.0,715.0,4780.0,1425.0,1290.0,1695.0,4780.0
780.0,720.0,4785.0,1425.0,1290.0,1695.0,4785.0
780.0,720.0,4790.0,1425.0,1290.0,1695.0,4790.0
780.0,720.0,4790.0,1425.0,1290.0,1730.0,4790.0
780.0,720.0,4795.0,1425.0,1290.0,1730.0,4795.0
780.0,720.0,4800.0,1425.0,1290.0,1730.0,4800.0
780.0,720.0,4805.0,1425.0,1290.0,1730.0,4805.0
785.0,720.0,4810.0,1425.0,1295.0,1730.0,4810.0
785.0,720.0,4815.0,1425.0,1295.0,1730.0,4815.0
785.0,720.0,4815.0,1425.0,1295.0,1730.0,4815.0
785.0,720.0,4815.0,1425.0,1295.0,1730.0,4815.0
785.0,720.0,4815.0,1425.0,1295.0,1730.0,4815.0
785.0,720.0,4820.0,1425.0,1295.0,1730.0,4820.0
785.0,720.0,4825.0,1425.0,1295.0,1730.0,4825.0
785.0,720.0,4825.0,1425.0,1295.0,1730.0,4825.0
785.0,720.0,4830.0,1425.0,1295.0,1730.0,4830.0
785.0,720.0,4835.0,1425.0,1295.0,1730.0,4835.0
785.0,720.0,4835.0,1425.0,1295.0,1730.0,4835.0
785.0,720.0,4835.0,1425.0,1295.0,1730.0,4835.0
790.0,725.0,4840.0,1425.0,1295.0,1730.0,4840.0
790.0,725.0,4840.0,1425.0,1295.0,1730.0,4840.0
790.0,725.0,4840.0,1425.0,1295.0,1730.0,4840.0
790.0,725.0,4845.0,1425.0,1295.0,1730.0,4845.0
795.0,725.0,4850.0,1425.0,1295.0,1730.0,4850.0
795.0,725.0,4850.0,1425.0,1295.0,1730.0,4850.0
795.0,725.0,4850.0,1425.0,1295.0,1730.0,4850.0
795.0,725.0,4855.0,1425.0,1295.0,1730.0,4855.0
795.0,725.0,4855.0,1425.0,1295.0,1730.0,4855.0
795.0,725.0,4855.0,1425.0,1295.0,1730.0,4855.0
795.0,725.0,4855.0,1425.0,1295.0,1730.0,4855.0
795.0,725.0,4855.0,1425.0,1295.0,1730.0,4855.0
795.0,725.0,4860.0,1425.0,1295.0,1730.0,4860.0
795.0,725.0,4860.0,1425.0,1295.0,1730.0,4860.0
795.0,725.0,4860.0,1420.0,1295.0,1725.0,4860.0
795.0,725.0,4860.0,1420.0,1295.0,1725.0,4860.0
795.0,725.0,4860.0,1420.0,1295.0,1725.0,4860.0
795.0,725.0,4865.0,1420.0,1295.0,1725.0,4865.0
795.0,725.0,4870.0,1425.0,1295.0,1725.0,4870.0
795.0,725.0,4870.0,1425.0,1295.0,1725.0,4870.0
795.0,725.0,4875.0,1425.0,1295.0,1725.0,4875.0
795.0,725.0,4875.0,1425.0,1295.0,1725.0,4875.0
795.0,725.0,4875.0,1460.0,1295.0,1760.0,4875.0
795.0,725.0,4875.0,1460.0,1295.0,1760.0,4875.0
800.0,725.0,4880.0,1460.0,1295.0,1760.0,4880.0
800.0,725.0,4885.0,1460.0,1295.0,1760.0,4885.0
800.0,725.0,4885.0,1460.0,1295.0,1760.0,4885.0
800.0,725.0,4890.0,1460.0,1295.0,1760.0,4890.0
800.0,725.0,4895.0,1460.0,1295.0,1760.0,4895.0
800.0,725.0,4895.0,1460.0,1295.0,1760.0,4895.0
800.0,725.0,4895.0,1460.0,1295.0,1760.0,4895.0
800.0,725.0,4900.0,1460.0,1295.0,1760.0,4900.0
800.0,725.0,4905.0,1460.0,1295.0,1760.0,4905.0
800.0,725.0,4905.0,1460.0,1295.0,1760.0,4905.0
800.0,725.0,4910.0,1460.0,1295.0,1760.0,4910.0
800.0,725.0,4915.0,1460.0,1295.0,1760.0,4915.0
800.0,725.0,4915.0,1460.0,1295.0,1795.0,4915.0
800.0,725.0,4915.0,1460.0,1295.0,1830.0,4915.0
800.0,725.0,4920.0,1460.0,1295.0,1830.0,4920.0
800.0,725.0,4925.0,1460.0,1295.0,1830.0,4925.0
800.0,725.0,4930.0,1460.0,1295.0,1830.0,4930.0
800.0,725.0,4935.0,1460.0,1295.0,1830.0,4935.0
800.0,725.0,4940.0,1460.0,1295.0,1830.0,4940.0
800.0,725.0,4940.0,1460.0,1295.0,1830.0,4940.0
800.0,725.0,4940.0,1460.0,1295.0,1830.0,4940.0
800.0,725.0,4945.0,1460.0,1295.0,1830.0,4945.0
800.0,725.0,4950.0,1460.0,1295.0,1830.0,4950.0
800.0,725.0,4950.0,1455.0,1295.0,1830.0,4950.0
800.0,725.0,4950.0,1455.0,1290.0,1825.0,4950.0
800.0,725.0,4950.0,1455.0,1290.0,1825.0,4950.0
800.0,725.0,4955.0,1455.0,1290.0,1825.0,4955.0
800.0,725.0,4955.0,1455.0,1290.0,1825.0,4955.0
800.0,725.0,4955.0,1455.0,1290.0,1825.0,4955.0
800.0,725.0,4960.0,1455.0,1290.0,1825.0,4960.0
800.0,725.0,4960.0,1455.0,1285.0,1820.0,4960.0
800.0,725.0,4960.0,1455.0,1285.0,1820.0,4960.0
800.0,725.0,4960.0,1455.0,1285.0,1820.0,4960.0
800.0,725.0,4960.0,1455.0,1285.0,1820.0,4960.0
800.0,725.0,4960.0,1455.0,1285.0,1820.0,4960.0
800.0,725.0,4960.0,1455.0,1285.0,1820.0,4960.0
800.0,725.0,4965.0,1455.0,1285.0,1820.0,4965.0
800.0,725.0,4965.0,1455.0,1285.0,1820.0,4965.0
800.0,725.0,4965.0,1455.0,1285.0,1820.0,4965.0
800.0,725.0,4965.0,1455.0,1285.0,1820.0,4965.0
800.0,725.0,4970.0,1455.0,1285.0,1820.0,4970.0
800.0,725.0,4970.0,1455.0,1285.0,1820.0,4970.0
800.0,725.0,4975.0,1455.0,1285.0,1820.0,4975.0
800.0,725.0,4975.0,1455.0,1285.0,1820.0,4975.0
800.0,725.0,4980.0,1455.0,1285.0,1820.0,4980.0
800.0,725.0,4985.0,1455.0,1285.0,1820.0,4985.0
800.0,725.0,4990.0,1455.0,1285.0,1820.0,4990.0
800.0,725.0,4990.0,1455.0,1285.0,1820.0,4990.0
800.0,725.0,4995.0,1455.0,1285.0,1820.0,4995.0
800.0,725.0,5000.0,1455.0,1285.0,1820.0,5000.0
800.0,725.0,5000.0,1450.0,1285.0,1820.0,5000.0
800.0,725.0,5005.0,1450.0,1285.0,1820.0,5005.0
800.0,725.0,5010.0,1450.0,1285.0,1820.0,5010.0
800.0,725.0,5010.0,1450.0,1285.0,1820.0,5010.0
800.0,725.0,5010.0,1450.0,1285.0,1820.0,5010.0
800.0,725.0,5015.0,1450.0,1285.0,1820.0,5015.0
800.0,725.0,5015.0,1450.0,1285.0,1820.0,5015.0
800.0,725.0,5015.0,1450.0,1285.0,1820.0,5015.0
800.0,725.0,5020.0,1450.0,1285.0,1820.0,5020.0
800.0,725.0,5025.0,1450.0,1285.0,1820.0,5025.0
800.0,725.0,5025.0,1450.0,1285.0,1820.0,5025.0
800.0,725.0,5030.0,1450.0,1285.0,1820.0,5030.0
800.0,725.0,5030.0,1450.0,1285.0,1820.0,5030.0
800.0,725.0,5035.0,1450.0,1285.0,1820.0,5035.0
800.0,725.0,5040.0,1450.0,1285.0,1820.0,5040.0
800.0,725.0,5040.0,1450.0,1285.0,1820.0,5040.0
800.0,725.0,5040.0,1450.0,1285.0,1815.0,5040.0
800.0,725.0,5040.0,1450.0,1285.0,1815.0,5040.0
800.0,725.0,5045.0,1450.0,1285.0,1815.0,5045.0
800.0,725.0,5050.0,1450.0,1285.0,1815.0,5050.0
800.0,725.0,5050.0,1450.0,1285.0,1815.0,5050.0
800.0,725.0,5055.0,1450.0,1285.0,1815.0,5055.0
800.0,725.0,5060.0,1450.0,1285.0,1815.0,5060.0
800.0,725.0,5065.0,1450.0,1285.0,1815.0,5065.0
800.0,725.0,5070.0,1450.0,1285.0,1815.0,5070.0
800.0,725.0,5075.0,1450.0,1285.0,1815.0,5075.0
800.0,725.0,5075.0,1450.0,1285.0,1850.0,5075.0
800.0,725.0,5075.0,1450.0,1285.0,1850.0,5075.0
800.0,725.0,5080.0,1450.0,1285.0,1850.0,5080.0
800.0,725.0,5085.0,1450.0,1285.0,1850.0,5085.0
800.0,725.0,5085.0,1450.0,1285.0,1850.0,5085.0
800.0,725.0,5090.0,1450.0,1285.0,1850.0,5090.0
800.0,725.0,5090.0,1450.0,1285.0,1850.0,5090.0
805.0,730.0,5095.0,1450.0,1285.0,1850.0,5095.0
805.0,730.0,5095.0,1450.0,1285.0,1845.0,5095.0
805.0,730.0,5100.0,1450.0,1285.0,1845.0,5100.0
805.0,730.0,5105.0,1450.0,1285.0,1845.0,5105.0
805.0,730.0,5110.0,1450.0,1285.0,1845.0,5110.0
805.0,730.0,5115.0,1450.0,1285.0,1845.0,5115.0
805.0,730.0,5115.0,1450.0,1285.0,1845.0,5115.0
805.0,730.0,5115.0,1450.0,1285.0,1845.0,5115.0
805.0,730.0,5120.0,1450.0,1285.0,1845.0,5120.0
805.0,730.0,5120.0,1450.0,1285.0,1845.0,5120.0
805.0,730.0,5120.0,1450.0,1285.0,1845.0,5120.0
805.0,730.0,5120.0,1450.0,1285.0,1845.0,5120.0
805.0,730.0,5120.0,1450.0,1285.0,1845.0,5120.0
805.0,730.0,5120.0,1450.0,1285.0,1845.0,5120.0
805.0,730.0,5125.0,1450.0,1285.0,1845.0,5125.0
805.0,730.0,5125.0,1450.0,1285.0,1845.0,5125.0
805.0,730.0,5125.0,1450.0,1285.0,1845.0,5125.0
805.0,730.0,5125.0,1450.0,1285.0,1845.0,5125.0
805.0,730.0,5130.0,1450.0,1285.0,1845.0,5130.0
805.0,730.0,5135.0,1450.0,1285.0,1845.0,5135.0
805.0,730.0,5140.0,1450.0,1285.0,1845.0,5140.0
805.0,730.0,5145.0,1450.0,1285.0,1845.0,5145.0
805.0,730.0,5150.0,1450.0,1285.0,1845.0,5150.0
805.0,730.0,5155.0,1450.0,1285.0,1845.0,5155.0
805.0,730.0,5155.0,1450.0,1285.0,1845.0,5155.0
805.0,730.0,5160.0,1450.0,1285.0,1845.0,5160.0
805.0,730.0,5165.0,1450.0,1285.0,1845.0,5165.0
805.0,730.0,5170.0,1450.0,1285.0,1845.0,5170.0
805.0,730.0,5170.0,1485.0,1285.0,1880.0,5170.0
805.0,730.0,5175.0,1485.0,1285.0,1880.0,5175.0
805.0,730.0,5175.0,1485.0,1285.0,1880.0,5175.0
805.0,730.0,5175.0,1485.0,1285.0,1880.0,5175.0
805.0,730.0,5180.0,1485.0,1285.0,1880.0,5180.0
805.0,730.0,5180.0,1485.0,1285.0,1880.0,5180.0
805.0,730.0,5180.0,1485.0,1285.0,1880.0,5180.0
805.0,730.0,5185.0,1485.0,1285.0,1880.0,5185.0
805.0,730.0,5190.0,1485.0,1285.0,1880.0,5190.0
805.0,730.0,5190.0,1485.0,1285.0,1880.0,5190.0
805.0,730.0,5190.0,1485.0,1285.0,1880.0,5190.0
805.0,730.0,5195.0,1485.0,1285.0,1880.0,5195.0
805.0,730.0,5200.0,1485.0,1285.0,1880.0,5200.0
805.0,730.0,5200.0,1485.0,1285.0,1880.0,5200.0
805.0,730.0,5200.0,1485.0,1285.0,1880.0,5200.0
810.0,730.0,5205.0,1485.0,1285.0,1880.0,5205.0
810.0,730.0,5205.0,1485.0,1285.0,1880.0,5205.0
815.0,735.0,5210.0,1485.0,1285.0,1880.0,5210.0
815.0,770.0,5210.0,1485.0,1285.0,1880.0,5210.0
815.0,770.0,5215.0,1485.0,1285.0,1880.0,5215.0
815.0,770.0,5215.0,1485.0,1285.0,1880.0,5215.0
815.0,770.0,5215.0,1485.0,1285.0,1880.0,5215.0
815.0,770.0,5220.0,1485.0,1285.0,1880.0,5220.0
815.0,770.0,5225.0,1485.0,1285.0,1880.0,5225.0
815.0,770.0,5225.0,1485.0,1285.0,1880.0,5225.0
815.0,770.0,5230.0,1485.0,1285.0,1880.0,5230.0
815.0,770.0,5230.0,1485.0,1285.0,1880.0,5230.0
815.0,770.0,5230.0,1485.0,1285.0,1880.0,5230.0
815.0,770.0,5230.0,1485.0,1285.0,1880.0,5230.0
815.0,770.0,5230.0,1485.0,1285.0,1880.0,5230.0
815.0,770.0,5235.0,1485.0,1285.0,1880.0,5235.0
815.0,770.0,5240.0,1485.0,1290.0,1885.0,5240.0
815.0,770.0,5240.0,1485.0,1290.0,1885.0,5240.0
815.0,770.0,5240.0,1485.0,1290.0,1885.0,5240.0
815.0,770.0,5240.0,1485.0,1290.0,1885.0,5240.0
815.0,770.0,5245.0,1485.0,1290.0,1885.0,5245.0
815.0,770.0,5245.0,1485.0,1290.0,1885.0,5245.0
